Symbol,Yahoo_Symbol,Date,Open,High,Low,Close,Volume,SMA20,SMA50,SMA100,SMA200,EMA9,EMA20,EMA50,RSI14,ATR14,ATR_Pct,Volume_Ratio,52W_High,52W_Low,Distance_200DMA_Pct,Distance_52W_High_Pct,Support,Resistance,Pivot,Return_5D_Pct,Return_20D_Pct,Return_60D_Pct,Above_200DMA,Near_200DMA,Recent_200DMA_Cross_Down,Breakout,Near_Breakout,Technical_Score,Trend_Score,Momentum_Score,RSI_Score,Volume_Score,Position_Score,Breakout_Score,Setup,name,series,isin,Company_Name,Sector,Industry,Market_Cap,Enterprise_Value,Revenue,Net_Income,EPS,Forward_EPS,Book_Value,Total_Debt,Total_Cash,Current_Ratio,Quick_Ratio,ROE,ROA,Operating_Margin,Profit_Margin,Debt_to_Equity,PE,Forward_PE,PB,PEG,Dividend_Yield,Revenue_Growth,Profit_Growth,Fundamental_Score,Sector_Score,Market_Adjustment,Overall_Score,Trade_Status,Entry_Zone,Entry_Price,Stop_Loss,Target_1,Target_2,Risk_Reward,Ranking_Quality
DIVISLAB,DIVISLAB.NS,2026-10-06,9210.0,9557.5,9165.0,9550.0,465088.0,9387.45,8966.16,7905.605,7102.22,9377.529432436724,9324.615436668759,8875.364519619876,60.981313260381505,194.85960026152117,2.0404146624243054,1.0346413582693301,9740.0,5647.5,34.46499826814713,-1.9507186858316206,8923.0,9740.0,9198.333333333334,1.2617962040080588,-0.26109660574412663,32.85108158864853,True,False,False,False,True,68.15,25.0,75.76,94.04,51.21,100.0,75.0,Pre-Breakout Watch,Divi's Laboratories Limited,EQ,INE361B01024,Divi's Laboratories Limited,Healthcare,Drug Manufacturers - Specialty & Generic,2441779871744.0,2409519906816.0,112299999232.0,29250000896.0,110.0,150.47398,631.374,70000000.0,32330000384.0,,,,,36.655998000000004,26.046000000000003,0.042,83.61818,61.126846,14.568227,,32.0,27.800000000000004,65.7,99.79,50,-1.7489999999999994,79.05700000000002,Actionable Watch,9550.00 or below,9550.0,9257.71,10134.58,10426.87,2.0,Very Strong
KOTAKBANK,KOTAKBANK.NS,2026-10-06,422.0,435.29998779296875,421.29998779296875,431.8999938964844,40020826.0,414.104997253418,407.04099914550784,397.96100036621095,399.20309951782224,416.4791009521865,414.05063967420836,408.0798777427526,66.12672361238138,9.675074830315035,2.2401192329337953,2.1682287695709017,453.20001220703125,345.5,8.190541210264923,-4.699915652433074,394.70001220703125,435.6000061035156,418.06667073567706,7.558213678532977,2.3217217842364635,12.28389464441686,True,False,True,False,True,70.87,25.0,64.47,83.75,90.89,100.0,75.0,Pre-Breakout Watch,Kotak Mahindra Bank Limited,EQ,INE237A01036,Kotak Mahindra Bank Limited,Financial Services,Banks - Regional,4076549439488.0,4462030094336.0,712962932736.0,202961731584.0,20.41,25.55,182.201,1115291254784.0,729322225664.0,,,,,34.761003,28.467,,20.078392,16.039139,2.2491643,0.94,16.0,21.0,22.5,95.67,50,-1.7489999999999994,79.041,Actionable Watch,431.90 or below,431.9,417.39,460.93,475.44,2.0,Very Strong
GRWRHITECH,GRWRHITECH.NS,2026-10-06,6800.0,7129.5,6771.0,7102.5,91390.0,6725.875,6967.73,6707.615,5259.351002197265,6834.074880692321,6807.8839973459835,6808.655965607517,56.84549075973728,284.5558590876722,4.006418290569127,1.7430959933015067,7990.0,2690.699951171875,35.045179472385456,-11.107634543178978,6240.0,7159.0,6785.166666666667,6.748327947696708,2.172193051859317,0.8734554750745582,True,False,False,False,True,69.31,25.0,55.04,97.69,76.01,100.0,75.0,Pre-Breakout Watch,Garware Hi-Tech Films Limited,EQ,INE291A01017,Garware Hi-Tech Films Limited,Basic Materials,Specialty Chemicals,151068639232.0,141820379136.0,22581999616.0,3878599936.0,167.21,182.2,1143.369,156600000.0,7735900160.0,,,,,25.145,17.176001,0.59,38.88822,35.688805,5.6871405,,19.0,27.900000000000002,59.8,97.05,50,-1.7489999999999994,78.65700000000001,Actionable Watch,7102.50 or below,7102.5,6675.67,7956.17,8383.0,2.0,Very Strong
EVERESTIND,EVERESTIND.NS,2026-10-06,470.0,524.0,465.0,515.9500122070312,52170.0,432.50249938964845,445.5089990234375,436.1919985961914,422.8019989013672,461.9656605139518,445.27243566331606,441.53612364608256,74.90170560460132,24.647402612551396,4.7770911967071195,3.4073986989575986,724.0,284.8999938964844,22.03111942415248,-28.736186159249833,390.0,486.0,472.26666259765625,22.2485551782847,21.71503176124727,4.899869026014314,True,False,True,True,True,79.53,25.0,97.35,66.2,100.0,100.0,100.0,Strong Breakout Watch,Everest Industries Limited,EQ,INE295A01018,,,,,,,,,,,,,,,,,,,,,,,,,,,,50,-1.7489999999999994,77.781,Actionable Watch,486.00 or below,486.0,449.03,559.94,596.91,2.0,Very Strong
UYFINCORP,UYFINCORP.NS,2026-10-06,24.200000762939453,24.200000762939453,22.790000915527344,22.950000762939453,407089.0,20.196000003814696,20.035000038146972,17.601600027084352,15.712450017929077,21.65926802743425,20.717700588821124,19.620697979742086,68.98281803959148,0.9315072088536436,4.0588548056080125,2.4317518554481286,24.200000762939453,11.5,46.06252199212592,-5.165289093355252,18.8700008392334,24.0,23.65999984741211,15.967658924829852,16.320330944813332,39.939032297344504,True,False,True,False,False,68.71,25.0,100.0,78.03,100.0,100.0,35.0,Momentum Watch,U. Y. Fincorp Limited,BE,INE152C01025,U. Y. Fincorp Limited,Financial Services,Credit Services,3667795200.0,3694088192.0,2131207936.0,619284992.0,3.26,,20.463,33517000.0,11258000.0,,,,,35.522997000000004,29.058,0.862,5.9141107,,0.9421884,,,225.0,232.29999999999998,95.69,50,-1.7489999999999994,77.753,Actionable Watch,22.95 or below,22.95,21.55,25.74,27.14,2.0,Very Strong
GNFC,GNFC.NS,2026-10-06,589.0,633.5999755859375,587.0999755859375,629.5,2291442.0,591.0975036621094,576.185,547.1900009155273,503.8762506103516,603.9602156265136,596.4884054446065,576.7135646445602,63.313245152715645,20.539276839947863,3.2627921906192,1.8492043236887536,636.0,365.0,24.931468636888287,-1.0220125786163492,528.7999877929688,636.0,589.7166748046875,2.9435813573180702,6.857923287788181,27.46785303634296,True,False,False,False,True,73.22,25.0,85.69,89.37,79.72,100.0,75.0,Pre-Breakout Watch,Gujarat Narmada Valley Fertilizers and Chemicals Limited,EQ,INE113A01013,Gujarat Narmada Valley Fertilizers & Chemicals Limited,Basic Materials,Chemicals,85938257920.0,61380038656.0,84099997696.0,10369999872.0,70.6,62.69,620.096,60000000.0,18040000512.0,,,,,14.163999999999998,12.331,0.066,8.283994,9.329239,0.94316036,,389.0,39.800000000000004,275.59999999999997,88.83,50,-1.7489999999999994,77.715,Actionable Watch,629.50 or below,629.5,598.69,691.12,721.93,2.0,Very Strong
KRISHNADEF,KRISHNADEF.NS,2026-10-06,1294.0,1329.0,1226.0999755859375,1312.300048828125,1729775.0,1057.2250030517578,1082.0780029296875,1159.98400390625,1069.0065017700194,1105.5391812275564,1071.8359473774258,1089.6869658446954,75.35343171631072,58.31147532123545,4.443456004844867,7.8100749074577624,1400.0,665.0,22.75884633585199,-6.264282226562501,975.7999877929688,1201.0,1136.2666625976562,31.783497179652297,23.0588914839132,0.5748007142347911,True,False,True,True,True,79.28,25.0,96.58,65.29,100.0,100.0,100.0,Strong Breakout Watch,Krishna Defence And Allied Industries Limited,EQ,INE0J5601015,,,,,,,,,,,,,,,,,,,,,,,,,,,,50,-1.7489999999999994,77.531,Actionable Watch,1201.00 or below,1201.0,1113.53,1375.93,1463.4,2.0,Very Strong
AETHER,AETHER.NS,2026-10-06,1649.0,1814.0999755859375,1640.9000244140625,1799.800048828125,1455645.0,1667.3349975585938,1632.5539965820312,1449.0929968261719,1245.3070028686523,1707.1275128886186,1680.055978291191,1610.819013523736,65.08663908445334,67.40368517645891,3.7450651932333474,4.049122605956555,1814.0999755859375,728.0,44.526614295282926,-0.7882656386230202,1552.699951171875,1798.0,1661.6999918619792,3.4843663384085177,11.133068776049715,23.88491109150921,True,False,False,True,True,81.58,25.0,91.37,85.83,100.0,100.0,100.0,Strong Breakout Watch,Aether Industries Limited,EQ,INE0BWX01014,Aether Industries Limited,Basic Materials,Specialty Chemicals,210121457664.0,212778385408.0,12300690432.0,2351909888.0,17.75,28.57232,185.099,4579369984.0,56630000.0,,,,,24.91,19.12,18.646,89.18873,55.40677,8.55272,,,27.500000000000004,34.1,74.91,50,-1.7489999999999994,77.16300000000001,Actionable Watch,1798.00 or below,1798.0,1696.89,2000.21,2101.32,2.0,Very Strong
KINGFA,KINGFA.NS,2026-10-06,6700.0,6996.0,6676.5,6932.0,24528.0,6232.9,5913.87,5538.022001953125,4964.924508056641,6517.398606286368,6300.380205004142,5965.619845466356,76.44318207168644,217.75211716302223,3.141259624394435,1.401147629479625,6996.0,3649.89990234375,39.61944413759693,-0.9148084619782781,5675.5,6700.0,6632.5,8.583959899749383,14.455543630809874,35.47000195427008,True,False,False,True,True,74.07,25.0,100.0,63.11,64.04,100.0,100.0,Strong Breakout Watch,Kingfa Science & Technology (India) Limited,EQ,INE473D01015,Kingfa Science & Technology (India) Limited,Basic Materials,Specialty Chemicals,77974642688.0,73916948480.0,22221914112.0,2256750080.0,170.42,,1032.595,154038000.0,4208699904.0,,,,,15.831000000000001,10.1560004,1.101,33.76364,,5.5723686,,32.0,49.1,80.10000000000001,85.33,50,-1.7489999999999994,76.82499999999999,Actionable Watch,6700.00 or below,6700.0,6373.37,7353.26,7679.88,2.0,Very Strong
SOTL,SOTL.NS,2026-10-06,730.0,780.0,722.5999755859375,775.5,523039.0,715.1249969482421,700.7440002441406,622.1760000610352,492.62425018310546,731.8225657647981,720.1660774829834,688.5719230890268,66.22837692637728,38.00672100410823,4.900931141728979,1.4641523567876036,860.4000244140625,285.79998779296875,57.42221372816123,-9.867506044282127,670.0,860.4000244140625,726.6666666666666,8.158995815899583,13.818159211511926,33.81071802852491,True,False,False,False,False,64.47,25.0,100.0,83.54,66.25,100.0,35.0,Momentum Watch,Savita Oil Technologies Limited,EQ,INE035D01020,Savita Oil Technologies Limited,Basic Materials,Specialty Chemicals,47190134784.0,44184817664.0,48532201472.0,4139383040.0,60.38,60.72,264.9,17806000.0,3028477952.0,,,,,24.169001,8.529,0.098,11.399469,11.335639,2.598339,,70.0,49.6,414.79999999999995,98.68,50,-1.7489999999999994,76.405,Actionable Watch,775.50 or below,775.5,718.49,889.52,946.53,2.0,Very Strong
KMEW,KMEW.NS,2026-10-06,3028.0,3242.0,2996.10009765625,3202.300048828125,268775.0,2922.8500244140623,2815.4180126953124,2492.8090051269533,2120.277497558594,3006.8453218121203,2948.548887414535,2797.2740416060324,65.70384874837487,137.97059713143454,4.308484371473079,2.053151628809436,3242.0,1084.5999755859375,51.03211973505508,-1.2245512391078073,2488.800048828125,3170.0,2982.3999837239585,4.486426449013381,7.258170688766663,36.73940741973196,True,False,False,True,True,79.8,25.0,93.91,84.59,86.86,100.0,100.0,Strong Breakout Watch,Knowledge Marine & Engineering Works Limited,EQ,INE0CJD01029,Knowledge Marine & Engineering Works Limited,Industrials,Marine Shipping,69257265152.0,67143016448.0,3232192000.0,1292659968.0,49.64,100.0,233.223,2220572928.0,765926016.0,,,,,58.216,39.993,38.764,55.006042,27.305,11.707679,,,138.1,392.2,75.0,50,-1.7489999999999994,76.131,Actionable Watch,3170.00 or below,3170.0,2963.04,3583.91,3790.87,2.0,Very Strong
DPWIRES,DPWIRES.NS,2026-10-06,212.22999572753906,234.6999969482422,199.0,221.5399932861328,1732045.0,160.51899948120118,161.06839935302733,171.3619990539551,171.53889949798585,178.33863121808912,167.28484787083192,164.57889819669475,82.79144269852415,9.961069964676273,4.496285215559669,12.843648584065317,251.89999389648438,125.0199966430664,29.148545277180162,-12.052402281052732,141.38999938964844,196.77999877929688,186.51666768391928,39.85227458152234,43.280300273083185,22.201997622931557,True,False,True,True,True,77.56,25.0,100.0,50.42,100.0,100.0,100.0,Strong Breakout Watch,D P Wires Limited,EQ,INE864X01013,,,,,,,,,,,,,,,,,,,,,,,,,,,,50,-1.7489999999999994,75.811,Actionable Watch,196.78 or below,196.78,181.84,226.66,241.6,2.0,Very Strong
MAYURUNIQ,MAYURUNIQ.NS,2026-10-06,713.0,766.0,710.0499877929688,761.1500244140625,181393.0,735.6924987792969,748.4240002441406,770.3140002441406,653.323500213623,730.8441409192583,734.5661611550837,745.2824168705166,56.35216061210704,29.799122128916327,3.9150129636868702,1.597837638808693,907.0,471.20001220703125,16.50430822788136,-16.080482424028386,694.2999877929688,770.75,706.4333292643229,6.150203942800503,6.843065458917708,-10.992223272683354,True,False,False,False,True,68.38,25.0,54.89,96.7,70.92,100.0,75.0,Pre-Breakout Watch,Mayur Uniquoters Ltd,EQ,INE040D01038,Mayur Uniquoters Limited,Consumer Cyclical,Textile Manufacturing,32207067136.0,29866199040.0,10203751424.0,2071302016.0,47.69,60.8,260.667,77775000.0,2580076032.0,,,,,19.098000000000003,20.299,0.687,15.542043,12.19079,2.8434749,,81.0,24.7,37.9,90.51,50,-1.7489999999999994,75.483,Actionable Watch,761.15 or below,761.15,716.45,850.55,895.25,2.0,Very Strong
EIMCOELECO,EIMCOELECO.NS,2026-10-06,2251.39990234375,2415.89990234375,2251.39990234375,2371.800048828125,81578.0,2276.3299926757813,2121.0900024414063,1906.0900024414063,1754.028003540039,2289.0042123582766,2261.9257206133843,2140.834205064409,65.70731531852347,83.9316354200293,3.5387314989515586,3.258968074672867,2415.89990234375,1405.5,35.22019283849958,-1.825400691181045,2205.0,2348.800048828125,2267.699951171875,4.535243991067217,5.207600761618281,35.950939012912556,True,False,True,True,True,81.06,25.0,89.18,84.59,100.0,100.0,100.0,Strong Breakout Watch,Eimco Elecon (India) Limited,EQ,INE158B01016,Eimco Elecon (India) Limited,Industrials,Farm & Heavy Construction Machinery,12933872640.0,12832126976.0,2429490944.0,396092000.0,68.6,95.0,810.464,43460000.0,145206000.0,,,,,15.659,16.303,0.93,32.68513,23.602104,2.7665634,0.69,17.0,14.7,6.2,71.46,50,-1.7489999999999994,75.471,Actionable Watch,2348.80 or below,2348.8,2222.9,2600.59,2726.49,2.0,Very Strong
MAXIND,MAXIND.NS,2026-10-06,150.0,168.0,150.0,165.83999633789062,422768.0,150.7570007324219,156.48180084228517,159.02620010375978,160.03334964752196,156.7443010103059,153.8667600670435,154.9564703387299,61.093163896632774,8.337796504987175,5.027614983781919,4.683382482291973,228.8000030517578,120.0,3.6283978952874385,-27.517485084833993,135.3000030517578,164.35000610351562,153.70333353678384,6.7524878160514,10.075661958581893,1.017237124670456,True,False,True,True,True,76.57,25.0,70.97,93.81,100.0,79.03,100.0,Strong Breakout Watch,Max India Limited,EQ,INE0CG601016,,,,,,,,,,,,,,,,,,,,,,,,,,,,50,-1.7489999999999994,74.821,Actionable Watch,164.35 or below,164.35,151.84,189.36,201.87,2.0,Very Strong
OCCLLTD,OCCLLTD.NS,2026-10-06,197.99000549316406,207.6699981689453,192.10000610351562,207.58999633789062,193602.0,168.79949951171875,164.20360015869142,145.3415005493164,119.53315029144287,187.14428979016344,175.41101038235414,162.58158422639224,82.82499811028276,8.964215647311178,4.318231034948466,2.1921484304673777,207.6699981689453,75.70999908447266,73.66730135677815,-0.03852353819043808,144.05999755859375,202.89999389648438,195.22999572753906,16.28388492589461,25.934239838473804,57.863115085848385,True,False,False,True,True,76.31,25.0,100.0,50.35,91.73,100.0,100.0,Strong Breakout Watch,OCCL Limited,BE,INE0PK601023,OCCL Limited,Basic Materials,Chemicals,7574487552.0,,,,14.98,16.2,,,,,,,,,,,10.12283,9.360494,,,176.0,,,,50,-1.7489999999999994,74.561,Actionable Watch,202.90 or below,202.9,189.45,229.79,243.24,2.0,Very Strong
ARROWGREEN,ARROWGREEN.NS,2026-10-06,878.5,915.9500122070312,858.7000122070312,891.75,60698.0,864.2949981689453,790.6319970703125,694.524997253418,583.2612496948242,875.5148980450726,856.3523283270916,795.6774670585697,61.555920742200314,45.01480756392373,5.047917865312446,0.9361767103332174,952.75,341.95001220703125,52.89032152686026,-6.40251902387825,776.0999755859375,952.75,862.0666707356771,-0.01120991071080768,10.762641540387596,28.180247858703055,True,False,False,False,False,62.21,25.0,94.07,92.89,47.77,100.0,35.0,Momentum Watch,Arrow Greentech Limited,EQ,INE570D01018,Arrow Greentech Limited,Consumer Cyclical,Packaging & Containers,12651990016.0,11396260864.0,2467500032.0,638300032.0,42.36,,155.204,22600000.0,1294400000.0,,,,,39.048,25.868000000000002,0.957,19.795797,,5.4028893,,62.0,111.20000000000002,151.7,95.22,50,-1.7489999999999994,73.665,Actionable Watch,891.75 or below,891.75,824.23,1026.79,1094.32,2.0,Very Strong
FINEORG,FINEORG.NS,2026-10-06,5208.0,5590.0,5208.0,5537.0,79778.0,5167.9,5117.326005859375,5008.878999023437,4712.221002197266,5223.469201010686,5182.801787162207,5123.117104539083,74.08747716318905,144.0001989327506,2.600689885005429,3.4755522445930023,5590.0,3856.0,17.502977840346357,-0.9481216457960628,4968.0,5300.0,5210.5,8.06010928961749,7.472826086956519,10.751075107510744,True,False,True,True,True,76.21,25.0,73.55,67.83,100.0,100.0,100.0,Strong Breakout Watch,Fine Organic Industries Limited,EQ,INE686Y01026,Fine Organic Industries Limited,Basic Materials,Specialty Chemicals,158006181888.0,144423878656.0,24715878400.0,4381239808.0,143.14,156.16,869.056,923091008.0,14505394176.0,,,,,23.356001000000003,17.726,3.464,36.003212,33.001408,5.9299974,,21.0,18.0,18.0,74.04,50,-1.7489999999999994,73.593,Actionable Watch,5300.00 or below,5300.0,5084.0,5732.0,5948.0,2.0,Very Strong
GPPL,GPPL.NS,2026-10-06,168.42999267578125,171.0,166.69000244140625,168.2100067138672,1125188.0,163.2295021057129,160.61060028076173,157.06350021362306,161.52525016784668,165.44823235270934,164.0286134182315,161.31650419309125,62.18607039298758,4.032653503198619,2.39739215399851,0.8552866793493991,200.08999633789062,141.5500030517578,4.138521091330394,-15.932825332350909,157.66000366210938,169.89999389648438,167.37999979654947,4.77763407779892,4.751528705822272,11.264727386651163,True,False,True,False,True,63.23,25.0,68.51,91.63,44.94,83.11,75.0,Pre-Breakout Watch,Gujarat Pipavav Port Limited,EQ,INE517F01014,Gujarat Pipavav Port Limited,Industrials,Marine Shipping,79793430528.0,71111999488.0,12400149504.0,5587400192.0,11.56,11.57333,48.709,368740000.0,6759240192.0,,,,,55.03,45.058998,1.544,14.272491,14.256053,3.3872592,,624.0,32.5,41.699999999999996,92.28,50,-1.7489999999999994,73.101,Actionable Watch,168.21 or below,168.21,162.16,180.31,186.36,2.0,Very Strong
KRISHANA,KRISHANA.NS,2026-10-06,190.0,196.5,186.52000427246094,193.66000366210938,1697636.0,184.31749877929687,185.91659942626953,162.56549896240233,135.22139923095702,187.25884153436556,186.05511875781534,179.86803451850446,60.82584951149105,7.206244179277089,3.721080265933626,2.1473310307609146,206.38999938964844,91.20999908447266,43.216979533941746,-6.167932441099444,171.2100067138672,193.0,183.59000142415366,3.8837064501002327,5.917746412673974,39.32374364180531,True,False,False,True,True,81.67,25.0,93.29,94.35,90.16,100.0,100.0,Strong Breakout Watch,Krishana Phoschem Limited,EQ,INE506W01020,Krishana Phoschem Limited,Basic Materials,Agricultural Inputs,54779248640.0,61689987072.0,25547708416.0,1966611968.0,5.93,,18.138,7334649856.0,423918016.0,,,,,14.133999999999999,7.698,130.807,29.881956,,9.769545,,6.0,34.599999999999994,53.5,64.13,50,-1.7489999999999994,72.905,Actionable Watch,193.00 or below,193.0,182.19,214.62,225.43,2.0,Very Strong
FINCABLES,FINCABLES.NS,2026-10-06,1467.300048828125,1495.5,1444.0,1474.0,537490.0,1420.2250061035156,1275.3690002441406,1171.9724993896484,1013.7210015869141,1449.7405504083963,1409.7835607935676,1307.4345589182246,63.61145409175347,57.54193147352251,3.9037945368739826,0.4809801259788687,1498.0,700.7999877929688,45.4048991480446,-1.602136181575431,1211.0999755859375,1498.0,1472.4666748046875,4.680067151243317,20.13039934800327,39.26681462578541,True,False,False,False,True,68.09,25.0,100.0,88.78,31.83,100.0,75.0,Pre-Breakout Watch,Finolex Cables Limited,EQ,INE235A01022,Finolex Cables Limited,Industrials,Electrical Equipment & Parts,204923437056.0,184465883136.0,69386403840.0,8001399808.0,52.26,72.7,397.807,191400000.0,20693999616.0,,,,,11.058,11.532,0.314,25.639112,18.430538,3.3682163,,63.0,44.3,53.2,84.49,50,-1.7489999999999994,72.90100000000001,Actionable Watch,1474.00 or below,1474.0,1387.69,1646.63,1732.94,2.0,Very Strong
MANALIPETC,MANALIPETC.NS,2026-10-06,88.0,92.80000305175781,87.44999694824219,92.36000061035156,10471021.0,83.86450080871582,77.38120071411133,70.32330020904541,62.52715005874634,84.35135489769921,83.12744986019514,78.37906395121952,64.38595728427399,4.757050217689821,5.150552388754162,3.037920459272538,93.0,39.130001068115234,47.711834816677666,-0.68817138671875,75.55999755859375,93.0,86.39666748046875,15.190820976324604,2.531082074768398,46.25494596781978,True,False,True,False,True,76.89,25.0,92.07,87.23,100.0,100.0,75.0,Pre-Breakout Watch,Manali Petrochemicals Limited,EQ,INE201A01024,Manali Petrochemicals Limited,Basic Materials,Specialty Chemicals,13792618496.0,9116441600.0,10624400384.0,1799699968.0,10.47,,74.575,1370000000.0,6053100032.0,,,,,26.871002,16.939,10.691,7.6590257,,1.0752934,1.22,59.0,17.1,350.59999999999997,71.05,50,-1.7489999999999994,72.805,Actionable Watch,92.36 or below,92.36,85.22,106.63,113.77,2.0,Very Strong
FCL,FCL.NS,2026-10-06,54.08000183105469,59.43000030517578,54.08000183105469,59.20000076293945,41353903.0,56.67500038146973,49.946600112915036,44.7217000579834,34.113300008773805,56.747782121735696,55.67773823346408,51.1006981228252,60.1196838204531,3.158199799475216,5.334796889820854,1.6672904573404297,62.400001525878906,19.100000381469727,73.53935487834202,-5.128206225463517,49.34000015258789,62.400001525878906,54.36333211263021,2.1746671834569797,1.3004828098731824,65.87280201976952,True,False,False,False,False,67.37,25.0,100.0,95.76,73.36,100.0,35.0,Momentum Watch,Fineotex Chemical Limited,EQ,INE045J01034,Fineotex Chemical Limited,Basic Materials,Specialty Chemicals,62743306240.0,50382815232.0,10117813248.0,1223389952.0,0.27,2.1,10.609,81964000.0,732326016.0,,,,,14.538,12.091000000000001,0.872,199.55556,25.657145,5.0787067,,23.0,174.8,88.1,85.18,50,-1.7489999999999994,72.745,Actionable Watch,59.20 or below,59.2,54.46,68.67,73.41,2.0,Very Strong
QUINTEGRA,QUINTEGRA.NS,2026-10-06,1.4700000286102295,1.4700000286102295,1.4700000286102295,1.4700000286102295,11789.0,1.1914999902248382,1.2628000020980834,1.3083000016212463,1.3167500001192094,1.2941520878795199,1.2396255527890192,1.2514365771663285,86.3547686779319,0.032885316411116236,2.2370963109576767,2.0024969637260814,2.049999952316284,1.100000023841858,11.638506054843045,-28.292679863271008,1.100000023841858,1.399999976158142,1.399999976158142,25.641032694830024,27.826092094464762,8.088236260888483,True,False,True,True,True,74.26,25.0,100.0,43.29,85.09,100.0,100.0,Strong Breakout Watch,Quintegra Solutions Limited,EQ,INE033B01011,,,,,,,,,,,,,,,,,,,,,,,,,,,,50,-1.7489999999999994,72.51100000000001,Actionable Watch,1.40 or below,1.4,1.35,1.5,1.55,2.0,Very Strong
MANCREDIT,MANCREDIT.NS,2026-10-06,225.89999389648438,238.0,221.41000366210938,231.89999389648438,212132.0,220.90349884033202,228.73859954833983,222.26149948120118,195.26369956970214,222.75492565775872,222.95722604455176,224.15437752063542,58.400637315307364,9.311684334797512,4.015387917152799,1.6934590928867086,287.2699890136719,152.05999755859375,18.76247065251593,-19.274549112247264,210.99000549316406,229.02000427246094,220.1500040690104,6.669733397924671,2.1855959291966487,-3.631983674921846,True,False,False,True,True,73.74,25.0,51.47,99.2,74.27,100.0,100.0,Strong Breakout Watch,Mangal Credit and Fincorp Limited,EQ,INE545L01039,Mangal Credit and Fincorp Limited,Financial Services,Credit Services,4544574464.0,7340865024.0,775862016.0,179980000.0,8.46,,81.792,3317465088.0,523708000.0,,,,,79.84100600000001,23.197001,192.098,25.442081,,2.6315532,,35.0,53.1,80.9,75.0,50,-1.7489999999999994,72.495,Actionable Watch,229.02 or below,229.02,215.05,256.96,270.92,2.0,Very Strong
PANAMAPET,PANAMAPET.NS,2026-10-06,487.8999938964844,509.8999938964844,480.6000061035156,504.1000061035156,626904.0,478.4175003051758,479.85900024414065,438.995,360.7766500854492,484.55678635299415,480.7970466849159,469.9546057825692,61.19170415604154,19.456016766202627,3.859554955491785,2.8948028254277416,599.5999755859375,229.0,39.72633926949556,-15.927280415429967,436.8500061035156,505.0,486.40000406901044,7.863485507660406,4.726290580976444,20.25286054966875,True,False,False,False,True,75.39,25.0,75.65,93.62,100.0,100.0,75.0,Pre-Breakout Watch,Panama Petrochem Limited,EQ,INE305C01029,Panama Petrochem Limited,Energy,Oil & Gas Refining & Marketing,27267489792.0,27561588736.0,41061900288.0,4787899904.0,79.14,,242.783,1108600064.0,814499968.0,,,,,22.365999,11.66,7.548,5.695603,,1.8565962,,62.0,150.29999999999998,625.3,72.37,50,-1.7489999999999994,72.433,Actionable Watch,504.10 or below,504.1,474.92,562.47,591.65,2.0,Very Strong
MCX,MCX.NS,2026-10-06,3195.0,3323.0,3185.0,3310.0,1520216.0,3270.2849853515627,3121.277998046875,3003.8969995117186,2782.362996826172,3256.6452012097484,3252.7974782419615,3157.8064541223107,54.952271582540654,105.35931642629977,3.183060919223558,0.8972654026406605,3481.39990234375,1626.0,18.963629252390902,-4.92330404870639,3056.60009765625,3481.39990234375,3196.7999674479165,2.413366336633671,-0.957510472770795,14.481373226607142,True,False,False,False,False,57.0,25.0,59.67,93.9,46.4,100.0,35.0,52W High Watch,Multi Commodity Exchange of India Limited,EQ,INE745G01043,Multi Commodity Exchange of India Limited,Financial Services,Financial Data & Stock Exchanges,,770283798528.0,27750199296.0,15418000384.0,60.61,80.7999,165.341,47600000.0,39172698112.0,,,,,69.577,55.559999999999995,0.113,52.359344,39.27604,19.193666,,24.0,85.3,103.4,99.44,50,-1.7489999999999994,72.227,Actionable Watch,3310.00 or below,3310.0,3151.96,3626.08,3784.12,2.0,Very Strong
ACE,ACE.NS,2026-10-06,1235.0,1260.0,1230.0,1252.199951171875,197475.0,1194.0249938964844,1147.9359985351562,1050.565501098633,965.6015014648438,1224.5198503000306,1200.8512175369797,1145.58170383407,64.93097909724887,40.086107832916674,3.2012545436854536,0.5709085968036636,1268.0,745.0999755859375,29.680820635868276,-1.2460606331328838,1086.0999755859375,1268.0,1224.6333414713542,3.240162088115861,12.486525880069754,27.036617192297395,True,False,False,False,True,67.66,25.0,96.6,86.14,34.98,100.0,75.0,Pre-Breakout Watch,Action Construction Equipment Limited,EQ,INE731H01025,Action Construction Equipment Limited,Industrials,Farm & Heavy Construction Machinery,134751469568.0,128440786944.0,34140399616.0,4368600064.0,36.69,47.1,168.988,79000000.0,6374600192.0,,,,,13.841999999999999,12.796,0.393,30.85582,24.036093,6.6992917,,18.0,20.5,22.3,83.28,50,-1.7489999999999994,72.159,Actionable Watch,1252.20 or below,1252.2,1192.07,1372.46,1432.59,2.0,Very Strong
VIVIANA,VIVIANA.NS,2026-10-06,829.7999877929688,854.4500122070312,795.0499877929688,824.2000122070312,88832.0,741.2050048828125,730.1210021972656,775.8985021972657,752.2240032958985,766.9165072705116,749.1101171263308,745.3048019168905,68.16938987836468,39.40276124265277,4.780728058610507,2.761755383560728,1860.0,565.0,9.568427568884697,-55.68817138671876,685.0,825.0,801.8833414713541,16.957570303673066,11.25059585176773,5.653126266023789,True,False,True,False,True,73.5,25.0,77.02,79.66,100.0,100.0,75.0,Pre-Breakout Watch,Viviana Power Tech Limited,EQ,INE0MEG01014,,,,,,,,,,,,,,,,,,,,,,,,,,,,50,-1.7489999999999994,71.751,Actionable Watch,824.20 or below,824.2,765.1,942.41,1001.51,2.0,Very Strong
CASTROLIND,CASTROLIND.NS,2026-10-06,199.99000549316406,201.25,198.74000549316406,200.1999969482422,1862567.0,194.8394989013672,190.55160064697264,187.37810012817383,186.10005004882814,198.6842404131347,195.84798166152837,191.69080615059593,65.0472980819786,3.261491413890483,1.6291166151884,0.5137086956693819,207.1999969482422,170.10000610351562,7.576541164666306,-3.37837842813703,187.0500030517578,203.39999389648438,199.58666483561197,0.1851549385964102,5.668737387197043,9.053271027027531,True,False,True,False,True,63.12,25.0,68.58,85.91,32.98,100.0,75.0,Pre-Breakout Watch,Castrol India Limited,EQ,INE172A01027,Castrol India Limited,Energy,Oil & Gas Refining & Marketing,185776963584.0,177956864000.0,62250000384.0,10623500288.0,10.74,11.81896,19.27,531500000.0,8628799488.0,1.511,0.852,56.996,24.879,24.779,17.066,2.784,17.487896,15.891416,9.746757,,665.0,25.0,42.1,88.69,50,-1.7489999999999994,71.599,Actionable Watch,200.20 or below,200.2,195.31,209.98,214.88,2.0,Very Strong
DSKULKARNI,DSKULKARNI.NS,2026-10-06,27.1200008392334,27.1200008392334,27.1200008392334,27.1200008392334,1129.0,23.108500003814697,17.983799991607665,15.766900091171264,14.658450140953065,25.265683176181987,23.263972047931034,19.70125810542972,96.93642800329255,0.4054340079730541,1.494963109980916,5.989389920424403,27.1200008392334,8.600000381469727,85.01274403809589,0.0,19.420000076293945,26.59000015258789,26.59000015258789,10.378515165168478,39.64984929294035,100.14760485226671,True,False,False,True,True,73.32,25.0,100.0,22.13,100.0,100.0,100.0,Strong Breakout Watch,DS Kulkarni Developers Limited,BE,INE891A01022,D S Kulkarni Developers Limited,Real Estate,Real Estate - Development,214200000.0,5629461504.0,,-20651000.0,-2.06,,-128.95,5431435776.0,16070000.0,,,,,,,,,,-0.1661109,,,,,,50,-1.7489999999999994,71.571,Actionable Watch,26.59 or below,26.59,25.98,27.81,28.41,2.0,Very Strong
UJJIVANSFB,UJJIVANSFB.NS,2026-10-06,67.0,67.9800033569336,65.13999938964844,65.19000244140625,13769306.0,65.06899986267089,67.67980003356934,63.331900100708005,60.64705015182495,65.47948146402207,65.53125814608697,65.72583326294136,48.377421652599935,2.171639924047354,3.3312468825250567,1.2216161491173616,73.94000244140625,47.310001373291016,7.490805040324955,-11.833919003362137,61.25,68.30000305175781,66.71999867757161,-0.10726278353178076,0.508790977411766,0.07676243817367201,True,False,False,False,False,55.44,25.0,51.08,80.75,57.76,100.0,35.0,Neutral Watch,Ujjivan Small Finance Bank Limited,EQ,INE551W01018,Ujjivan Small Finance Bank Limited,Financial Services,Banks - Regional,126486986752.0,156629647360.0,46154682368.0,9059544064.0,4.58,7.3017,35.083,37360111616.0,5200176128.0,,,,,31.97,19.628999999999998,,14.155023,8.878755,1.8479036,,,49.6,201.9,100.0,50,-1.7489999999999994,71.515,Actionable Watch,65.19 or below,65.19,61.93,71.7,74.96,2.0,Very Strong
TRENT,TRENT.NS,2026-10-06,2800.0,2914.0,2782.300048828125,2906.0,6693250.0,2731.324987792969,2862.52599609375,2908.8690014648437,2827.8625,2691.267511366652,2728.0437420043195,2812.3267960030767,62.73226181680919,73.5834649959783,2.5321219888499074,6.880486618194953,4866.5,2183.666748046875,2.763129395435593,-40.28562622007603,2545.800048828125,2847.89990234375,2587.0333658854165,10.284629981024661,4.023478608769038,1.286114150353046,True,True,False,True,True,73.26,25.0,59.08,90.54,100.0,72.11,100.0,Strong Breakout Watch,Trent Limited,EQ,INE849A01020,,,,,,,,,,,,,,,,,,,,,,,,,,,,50,-1.7489999999999994,71.51100000000001,Actionable Watch,2847.90 or below,2847.9,2737.52,3068.65,3179.03,2.0,Very Strong
KTKBANK,KTKBANK.NS,2026-10-06,329.0,329.8999938964844,323.0,324.25,1512372.0,325.41999969482424,320.41699951171876,295.55549987792966,257.2307997131348,325.53359637539734,325.64845917206446,316.84278517703063,49.84583419022255,9.394116930426563,2.897183324726773,0.8780669883344225,345.8999938964844,170.25999450683594,26.05411185659159,-6.259032748917437,309.8500061035156,345.3999938964844,326.31666056315106,0.0,-2.9917726252804755,18.274669786216656,True,False,False,False,False,55.21,25.0,58.64,83.69,45.73,100.0,35.0,Neutral Watch,The Karnataka Bank Limited,EQ,INE614B01018,The Karnataka Bank Limited,Financial Services,Banks - Regional,119486439424.0,95447203840.0,34675298304.0,14373699584.0,37.94,41.15,349.839,53290000384.0,77356302336.0,,,,,43.62,41.452,,8.327623,7.678007,0.9031298,,154.0,26.1,43.3,100.0,50,-1.7489999999999994,71.37700000000001,Actionable Watch,324.25 or below,324.25,310.16,352.43,366.52,2.0,Very Strong
MOTILALOFS,MOTILALOFS.NS,2026-10-06,1019.5,1086.0,1017.0999755859375,1081.1500244140625,2177791.0,1011.4175018310547,974.937001953125,944.4475018310546,862.4927508544922,1019.1863355970006,1011.8960537731137,986.3484618079702,66.28814814144113,30.06283182440198,2.7806346155053516,2.744997697472097,1097.0999755859375,614.9000244140625,25.35178102574673,-1.453828413710101,963.7999877929688,1060.199951171875,1005.9666748046875,8.527405256583842,2.8197835866916376,11.804552679840995,True,False,True,True,True,77.28,25.0,65.08,83.42,100.0,100.0,100.0,Strong Breakout Watch,Motilal Oswal Financial Services Limited,EQ,INE338I01027,Motilal Oswal Financial Services Limited,Financial Services,Capital Markets,596606910464.0,759087431680.0,86241697792.0,19803600896.0,32.23,59.01527,214.138,214747299840.0,52623298560.0,,,,,51.266999999999996,22.963,165.8,30.741545,16.788876,4.6269226,,107.0,23.9,8.7,66.3,50,-1.7489999999999994,71.13900000000001,Actionable Watch,1060.20 or below,1060.2,1015.11,1150.39,1195.48,2.0,Very Strong
KAMATHOTEL,KAMATHOTEL.NS,2026-10-06,249.64999389648438,264.8900146484375,249.63999938964844,258.82000732421875,574615.0,231.6980010986328,211.06699981689454,193.22779983520508,192.9310996246338,241.31255751268168,233.4148639201021,217.02527537957823,72.27768579495765,10.377783505170413,4.009652736069344,6.045568890436656,329.6000061035156,140.1999969482422,34.15152239725905,-21.474513795083915,202.0,248.86000061035156,243.78333536783853,10.995803865594912,13.423026668610326,38.665960775632115,True,False,False,True,True,80.72,25.0,100.0,71.44,100.0,100.0,100.0,Strong Breakout Watch,Kamat Hotels (I) Limited,EQ,INE967C01018,Kamat Hotels (India) Limited,Consumer Cyclical,Lodging,6120062976.0,8130878976.0,3935220992.0,443139008.0,14.51,,81.18,2331918080.0,483868992.0,,,,,18.733,11.261000000000001,70.111,14.307374,,2.5572803,,,9.5,124.6,60.98,50,-1.7489999999999994,71.075,Actionable Watch,248.86 or below,248.86,233.29,279.99,295.56,2.0,Very Strong
UNIVCABLES,UNIVCABLES.NS,2026-10-06,1523.0999755859375,1665.0,1501.800048828125,1649.199951171875,374697.0,1485.4900024414062,1537.7,1363.0744995117188,1073.0367486572266,1509.7677805106528,1504.1432560211417,1474.1274166591263,64.54202777560288,74.20715261196692,4.499584938699362,3.4166126025413712,1774.9000244140625,576.0,53.694638439517185,-7.082093160919534,1338.4000244140625,1577.199951171875,1504.3333333333333,12.312716136732371,8.165541023616484,36.0726032320029,True,False,False,True,True,82.32,25.0,95.19,86.92,100.0,100.0,100.0,Strong Breakout Watch,Universal Cables Limited,EQ,INE279A01012,Universal Cables Limited,Industrials,Electrical Equipment & Parts,51245076480.0,61633970176.0,33675397120.0,1996530048.0,57.55,14.86,545.032,11773089792.0,58834000.0,,,,,8.387,5.929,62.258,25.66464,99.39435,2.7099328,,31.0,57.49999999999999,113.1,58.39,50,-1.7489999999999994,70.999,Actionable Watch,1577.20 or below,1577.2,1465.89,1799.82,1911.13,2.0,Very Strong
GANDHITUBE,GANDHITUBE.NS,2026-10-06,997.9500122070312,998.1500244140625,972.0,981.5,6439.0,935.8574981689453,910.4299963378907,885.4104968261719,847.1992489624023,967.6186015278288,946.3615462509961,917.1070191697048,61.48505209144605,32.697385824485366,3.331368907232335,0.25380720664258277,1046.5999755859375,681.0499877929688,15.852321776970534,-6.2201392226759245,850.0,1046.5999755859375,988.7666625976562,3.04461942257217,9.03737970111047,14.77518236317783,True,False,False,False,False,56.52,25.0,79.89,93.03,23.88,100.0,35.0,Momentum Watch,Gandhi Special Tubes Limited,EQ,INE524B01027,Gandhi Special Tubes Limited,Industrials,Metal Fabrication,9830534144.0,10475544576.0,2008593024.0,746921984.0,61.43,,259.996,1017000.0,112295000.0,,,,,45.088001999999996,37.186,0.032,14.181996,,3.3508208,,169.0,18.9,29.299999999999997,96.79,50,-1.7489999999999994,70.87900000000002,Actionable Watch,981.50 or below,981.5,932.45,1079.59,1128.64,2.0,Very Strong
E2E,E2E.NS,2026-10-06,665.0,688.9000244140625,662.0,688.9000244140625,857233.0,624.6675018310547,610.4610034179688,508.37710174560544,377.1704009246826,650.2605663623827,633.2025283770479,592.1384371142931,67.56953551687317,33.11935590373585,4.807570725796563,1.361684032685195,698.0,183.36000061035156,82.64954586179985,-1.3037214306500733,550.9000244140625,679.0,660.3499959309896,10.065505279214126,9.314505088861736,78.03333833349974,True,False,False,True,True,76.53,25.0,100.0,80.86,62.66,100.0,100.0,Strong Breakout Watch,E2E Networks Limited,BE,INE255Z01027,E2E Networks Limited,Technology,Software - Infrastructure,119134748672.0,116833583104.0,3662298112.0,311576000.0,2.75,,84.048,1590875008.0,3659328000.0,,,,,36.525999999999996,8.5080005,9.441,210.85454,,6.899034,,,334.1,,66.67,50,-1.7489999999999994,70.837,Actionable Watch,679.00 or below,679.0,629.32,778.36,828.04,2.0,Very Strong
GVPIL,GVPIL.NS,2026-10-06,718.0,739.0,700.0,734.8499755859375,421975.0,665.1125030517578,689.0510021972656,779.7050018310547,607.2027497863769,688.5851233770544,676.7894581706664,696.3065645203608,62.784558184397476,32.06528171893887,4.363514021126749,2.2504175118453906,1084.0,270.8999938964844,21.022175186866132,-32.209411846315724,597.75,718.0,702.4499918619791,12.810860921741396,12.165145112091725,-9.086974306109251,True,False,False,True,True,77.69,25.0,67.06,90.43,93.76,100.0,100.0,Strong Breakout Watch,GE Power India Limited,EQ,INE878A01011,GE Power India Limited,Industrials,Engineering & Construction,46313005056.0,40038141952.0,12912300032.0,3423899904.0,50.91,,86.652,175900000.0,4245700096.0,,,,,13.428001,21.035999,3.02,13.531723,,7.950192,,107.0,7.6,54.800000000000004,64.63,50,-1.7489999999999994,70.717,Actionable Watch,718.00 or below,718.0,669.9,814.2,862.29,2.0,Very Strong
JAYBARMARU,JAYBARMARU.NS,2026-10-06,129.8000030517578,134.3699951171875,126.69999694824219,134.3699951171875,807936.0,119.15099983215332,128.49440017700195,141.06319999694824,116.88349990844726,126.07167241847745,123.31400240153204,128.3633456848113,64.66595777241352,5.996280374566889,4.462514394926769,1.8977178252920763,207.0,74.1500015258789,14.960619097166926,-35.08695888058575,108.0999984741211,133.0,129.36000061035156,9.671889323212524,11.797980187823143,-31.843774142980774,True,False,True,True,True,72.43,25.0,48.12,86.67,81.42,100.0,100.0,Strong Breakout Watch,Jay Bharat Maruti Limited,EQ,INE571B01036,,,,,,,,,,,,,,,,,,,,,,,,,,,,50,-1.7489999999999994,70.68100000000001,Actionable Watch,133.00 or below,133.0,124.01,150.99,159.98,2.0,Very Strong
RRKABEL,RRKABEL.NS,2026-10-06,2667.0,2806.800048828125,2645.0,2789.699951171875,917410.0,2482.529992675781,2637.413994140625,2437.097998046875,1965.9219970703125,2579.9289145754674,2551.0845104306513,2536.6759884209705,67.43083515400804,96.55201943030258,3.461018070769359,2.5774244354254616,2983.800048828125,1218.9000244140625,41.90288095505244,-6.505130855952701,2340.199951171875,2654.89990234375,2612.0,13.411655248194588,16.865646057780047,17.470940450270223,True,False,False,True,True,81.83,25.0,97.71,81.14,100.0,100.0,100.0,Strong Breakout Watch,R R Kabel Limited,EQ,INE777K01022,R R Kabel Limited,Industrials,Electrical Equipment & Parts,285387816960.0,280231149568.0,108319588352.0,6077191168.0,53.62,78.50935,227.61,3370277888.0,1356034048.0,,,,,8.001000399999999,5.609999999999999,13.092,47.057068,32.138844,11.0856285,,45.0,53.900000000000006,128.5,58.0,50,-1.7489999999999994,70.549,Actionable Watch,2654.90 or below,2654.9,2510.07,2944.56,3089.38,2.0,Very Strong
GEECEE,GEECEE.NS,2026-10-06,366.0,379.5,366.0,369.6000061035156,1547.0,369.32250213623047,366.21800048828123,351.7755014038086,323.7667007446289,370.37439347333304,369.60745339016944,363.7551123232663,50.70458975450396,15.990839908558641,4.326525877837787,0.616150552623718,390.0,215.85000610351562,14.156275260388117,-5.230767665765224,334.04998779296875,387.29998779296875,372.03333536783856,0.06768647512351844,0.9284526988388553,5.917751303654573,True,False,True,False,False,53.78,25.0,56.59,85.41,36.57,100.0,35.0,Neutral Watch,GeeCee Ventures Limited,EQ,INE916G01016,GeeCee Ventures Limited,Real Estate,Real Estate - Development,7321196032.0,4057854208.0,1041168000.0,462947008.0,22.13,6.13,399.266,0.0,2534324992.0,,,,,29.476000000000003,44.464,,15.820154,57.11256,0.87685907,,55.00000000000001,384.0,152.8,100.0,50,-1.7489999999999994,70.519,Actionable Watch,369.60 or below,369.6,345.61,417.57,441.56,2.0,Very Strong
21STCENMGM,21STCENMGM.NS,2026-10-06,37.97999954223633,38.36000061035156,37.2400016784668,38.36000061035156,4200.0,38.920499610900876,40.63099967956543,36.8210998916626,37.312249994277956,38.68144898052265,39.095059714229734,39.00407630039957,42.45797915534235,1.1163653085933947,2.9102327706745137,1.5072671810514984,53.790000915527344,28.25,2.8080606670310315,-28.685629378232015,37.2400016784668,40.38999938964844,37.78333409627279,-3.229058524231798,0.20899120586690412,22.438559539625814,True,True,False,False,False,53.63,25.0,68.37,68.92,67.75,72.46,35.0,Neutral Watch,21st Century Management Services Limited,EQ,INE253B01015,Twentyfirst Century Management Services Limited,Financial Services,Capital Markets,416009984.0,378979008.0,-105422000.0,-172258000.0,-16.4,,31.483,0.0,35456000.0,,,,,94.581,,,,,1.258457,,,190.2,295.5,100.0,50,-1.7489999999999994,70.429,Actionable Watch,38.36 or below,38.36,37.24,40.6,41.72,2.0,Very Strong
MACPOWER,MACPOWER.NS,2026-10-06,2198.5,2198.5,2044.0999755859375,2090.10009765625,44502.0,2007.0650268554687,1858.7060180664062,1520.5265112304687,1248.0137557983398,2098.583488292054,2031.693158017505,1853.4941007495704,56.9798270186223,135.8999974813403,6.5020808158294825,0.632909682158509,2251.0,761.0,67.47412341775329,-7.147929913094176,1732.199951171875,2251.0,2177.5,-4.761687567206529,15.239574015855606,55.167045111822574,True,False,False,False,False,62.27,25.0,100.0,97.96,37.15,100.0,35.0,Momentum Watch,Macpower CNC Machines Limited,EQ,INE155Z01011,Macpower CNC Machines Limited,Industrials,Specialty Industrial Machinery,18830831616.0,18767716352.0,3673864960.0,388972000.0,38.89,,175.15,6809000.0,66219000.0,,,,,13.943,10.588000000000001,0.389,48.40062,,10.746789,,8.0,56.10000000000001,110.5,87.0,50,-1.7489999999999994,70.41300000000001,Actionable Watch,2090.10 or below,2090.1,1886.25,2497.8,2701.65,2.0,Very Strong
SILINV,SILINV.NS,2026-10-06,454.0,463.0,450.0,459.3999938964844,1855.0,448.23249969482424,449.0869995117188,436.25350006103514,444.2494993591309,444.7473303980383,448.237048753174,447.5503909712987,54.81506437635597,20.530224159745924,4.468921295713373,1.1858718235576156,767.0,380.0,3.4103571437242852,-40.104303272948584,411.0,491.8999938964844,438.51666259765625,3.305595072169565,-4.051794985607405,9.367934114286935,True,False,True,False,False,53.52,25.0,49.39,93.63,56.51,77.28,35.0,Neutral Watch,SIL Investments Limited,EQ,INE923A01015,SIL Investments Limited,Financial Services,Asset Management,4714628096.0,4529091072.0,737651008.0,501177984.0,47.31,,2420.41,0.0,842886976.0,,,,,87.601,67.94200000000001,,9.404988,,0.1838325,,54.0,87.5,155.6,100.0,50,-1.7489999999999994,70.363,Actionable Watch,459.40 or below,459.4,428.6,520.99,551.79,2.0,Very Strong
BEPL,BEPL.NS,2026-10-06,125.19000244140625,129.60000610351562,125.0,128.6300048828125,1633927.0,126.95400009155273,124.8517999267578,113.66800003051758,100.92095005035401,125.9099145161608,126.1553632326367,123.03183102476761,55.57299739349753,4.34921665417422,3.3811836189670865,1.5191566871867355,138.5,74.19999694824219,27.4561969726139,-7.126350265117331,118.31999969482422,136.0,124.59666697184245,3.73387490549395,-3.8927014327802656,20.44007603677254,True,False,False,False,False,60.28,25.0,58.57,95.15,68.17,100.0,35.0,Neutral Watch,Bhansali Engineering Polymers Limited,EQ,INE922A01025,Bhansali Engineering Polymers Limited,Basic Materials,Chemicals,30034728960.0,26061926400.0,14402480128.0,1998674048.0,8.04,5.82,43.528,0.0,3972801024.0,,,,,17.061001,13.877,,15.011194,20.737114,2.7726982,,312.0,53.300000000000004,43.5,89.41,50,-1.7489999999999994,70.183,Actionable Watch,128.63 or below,128.63,122.11,141.68,148.2,2.0,Very Strong
LAURUSLABS,LAURUSLABS.NS,2026-10-06,1968.9000244140625,2054.89990234375,1958.0,2050.0,2196922.0,1980.2399963378907,1900.0519995117188,1683.7610034179688,1377.8672512817384,1997.2293598318397,1972.4784871579186,1874.271124457823,66.5083106949031,47.593340326097035,2.321626357370587,1.3931000166233105,2055.300048828125,843.0,48.7806606981203,-0.25787226692992604,1862.699951171875,2055.300048828125,1976.1666666666667,3.5876705406771014,5.295596809957748,31.351320826320705,True,False,False,False,True,69.86,25.0,85.67,82.98,63.76,100.0,75.0,Pre-Breakout Watch,Laurus Labs Limited,EQ,INE947Q01028,Laurus Labs Limited,Healthcare,Drug Manufacturers - Specialty & Generic,1041127571456.0,1065610444800.0,72696397824.0,10933699584.0,20.28,28.94202,98.175,25184800768.0,1136999936.0,,,,,25.385999999999996,15.040000000000001,46.369,95.01479,66.577934,19.627195,,12.0,29.099999999999998,125.2,75.0,50,-1.7489999999999994,70.167,Actionable Watch,2050.00 or below,2050.0,1978.61,2192.78,2264.17,2.0,Very Strong
RPEL,RPEL.NS,2026-10-06,1851.199951171875,1860.0,1799.0,1835.5999755859375,51137.0,1726.4150024414062,1592.3,1376.8899963378906,1064.6552493286133,1775.0869252216937,1732.9119794855712,1605.1022200372379,62.36068853813177,92.6253852019172,5.0460550465169005,0.4711170523699343,1943.699951171875,561.2999877929688,72.41261683004832,-5.5615567372301005,1507.199951171875,1888.0,1826.1333414713542,7.729323862012616,9.183917969212319,39.44089498197738,True,False,False,False,False,60.4,25.0,99.92,91.28,31.49,100.0,35.0,Momentum Watch,Raghav Productivity Enhancers Limited,EQ,INE912T01018,Raghav Productivity Enhancers Limited,Basic Materials,Chemicals,74503774208.0,74053918720.0,2855442944.0,626982976.0,13.65,,53.258,54112000.0,487760992.0,,,,,27.523002,21.957001,2.213,118.85715,,30.46303,,5.0,48.699999999999996,67.7,88.94,50,-1.7489999999999994,70.06700000000001,Actionable Watch,1835.60 or below,1835.6,1696.66,2113.48,2252.41,2.0,Very Strong
GLAND,GLAND.NS,2026-10-06,2921.10009765625,3019.800048828125,2898.10009765625,3006.10009765625,373540.0,2926.3749877929686,2836.817998046875,2592.5260009765625,2173.2125006103515,2930.725177147041,2914.662957038105,2808.8850915942357,59.705654652293305,85.88584467621422,2.8570520570215336,0.8263592541219518,3042.0,1573.5999755859375,38.32517974252312,-1.18014143141848,2792.39990234375,3042.0,2898.2000325520835,3.8017989522185713,1.0691607539950132,22.13961308689798,True,False,False,False,True,66.55,25.0,69.85,96.59,43.92,100.0,75.0,Pre-Breakout Watch,Gland Pharma Limited,EQ,INE068V01023,Gland Pharma Limited,Healthcare,Drug Manufacturers - Specialty & Generic,477660938240.0,446297047040.0,67252989952.0,11287929856.0,68.38,96.42188,628.683,2835899904.0,33591060480.0,,,,,21.003,16.784,2.738,42.344254,30.02949,4.60566,,68.0,19.6,46.9,79.61,50,-1.7489999999999994,70.025,Actionable Watch,3006.10 or below,3006.1,2877.27,3263.76,3392.59,2.0,Very Strong
JGCHEM,JGCHEM.NS,2026-10-06,611.0,668.5,611.0,665.4500122070312,750591.0,611.9350006103516,597.2499993896485,516.8045016479492,438.0640005493164,627.3132319562935,617.160657884445,585.7869658050662,61.76480650083059,35.98577957260252,5.407735954989631,1.6112725169769537,688.0,298.3999938964844,51.90702987978493,-3.2776145047919703,544.9500122070312,688.0,614.4666748046875,1.0324128962142076,8.875981498119456,49.254234181288716,True,False,False,False,False,66.58,25.0,100.0,92.47,71.39,100.0,35.0,52W High Watch,J.G.Chemicals Limited,EQ,INE0MB501011,J.G. Chemicals Limited,Basic Materials,Other Industrial Metals & Mining,22126411776.0,20716666880.0,10705680384.0,751880000.0,19.18,,133.758,64480000.0,1603160064.0,,,,,10.2460004,7.023,1.192,29.439522,,4.2214303,,19.0,44.800000000000004,58.8,79.29,50,-1.7489999999999994,69.915,Actionable Watch,665.45 or below,665.45,611.47,773.41,827.39,2.0,Strong
KARURVYSYA,KARURVYSYA.NS,2026-10-06,324.54998779296875,329.3500061035156,323.0,325.20001220703125,1631522.0,327.71499786376955,335.4429998779297,317.1539990234375,303.6790493011475,325.04750600760093,327.9736955063566,328.4938475857932,45.06200184151602,8.377463468051074,2.5760956806845847,0.9969776981265567,358.6499938964844,215.41000366210938,7.086746008791089,-9.32663662587644,311.3999938964844,343.79998779296875,325.3833312988281,2.215941677132549,-4.675357460007124,8.562852765592588,True,False,False,False,False,52.73,25.0,47.5,74.12,49.89,100.0,35.0,Neutral Watch,Karur Vysya Bank Limited,EQ,INE036D01028,The Karur Vysya Bank Limited,Financial Services,Banks - Regional,313635209216.0,330932453376.0,66443173888.0,27445815296.0,28.41,32.94293,145.947,26225606656.0,8922755072.0,,,,,56.660999999999994,41.307,,11.420275,9.848851,2.2230673,,78.0,26.0,45.0,100.0,50,-1.7489999999999994,69.88900000000001,Actionable Watch,325.20 or below,325.2,312.63,350.33,362.9,2.0,Strong
AMNPLST,AMNPLST.NS,2026-10-06,161.0,192.33999633789062,161.0,186.9199981689453,430797.0,167.6159980773926,180.89319915771483,187.9784994506836,178.4892498779297,170.37104443776005,170.75712770948547,177.199770695426,62.189130660006164,10.888878032492345,5.825421645173872,14.30760570116225,250.0,127.0,4.723392751541877,-25.232000732421877,157.85000610351562,190.0,162.62999979654947,12.048908981080263,11.116393301952222,-9.630631658107514,True,False,True,False,True,71.59,25.0,64.53,91.62,100.0,87.79,75.0,Pre-Breakout Watch,Amines & Plasticizers Limited,EQ,INE275D01022,,,,,,,,,,,,,,,,,,,,,,,,,,,,50,-1.7489999999999994,69.84100000000001,Actionable Watch,186.92 or below,186.92,170.59,219.59,235.92,2.0,Strong
SKYGOLD,SKYGOLD.NS,2026-10-06,830.7000122070312,877.0,830.6500244140625,857.6500244140625,4153228.0,808.8650054931641,781.2700012207031,667.1085000610351,516.957749633789,819.1086848367149,807.6810091776684,765.4939684617963,66.90645455041597,31.68890107234756,3.6948522322956943,4.728695864143931,877.0,280.0,65.90331125157107,-2.2063826209734905,765.0499877929688,851.9500122070312,826.3000081380209,4.48316378420508,4.591466391958843,38.77832110259911,True,False,False,True,True,80.86,25.0,90.21,82.19,100.0,100.0,100.0,Strong Breakout Watch,SKY GOLD AND DIAMONDS LIMITED,EQ,INE01IU01018,Sky Gold and Diamonds Limited,Consumer Cyclical,Luxury Goods,122257448960.0,123015208960.0,71764443136.0,3350159872.0,21.76,36.97,77.361,8691079168.0,7980575232.0,,,,,7.561999599999999,4.6680003,72.072,36.277573,21.352448,10.204108,,,77.9,124.2,57.56,50,-1.7489999999999994,69.791,Actionable Watch,851.95 or below,851.95,804.42,947.02,994.55,2.0,Strong
THELEELA,THELEELA.NS,2026-10-06,582.0,589.7000122070312,566.5,582.7000122070312,514328.0,545.7225036621094,532.5840026855469,493.97500213623044,460.3087510681152,561.6192946363019,551.6133993986209,532.5624494180119,63.7856952468149,22.75541827579932,3.905168662964504,1.408741114704671,589.7000122070312,384.5,26.58894945075787,-1.1870442352208133,513.1500244140625,586.9500122070312,573.7666625976562,6.35152148974345,5.171017966842384,16.307387666074092,True,False,True,False,True,68.92,25.0,73.39,88.43,64.31,100.0,75.0,Pre-Breakout Watch,Leela Palaces Hotels & Resorts Limited,EQ,INE0AQ201015,Leela Palaces Hotels & Resorts Limited,Consumer Cyclical,Lodging,174476296192.0,189863460864.0,16044560384.0,4431640064.0,13.56,18.31952,192.916,18109509632.0,3349169920.0,,,,,31.457,27.621000000000002,28.065,38.52876,28.518759,2.7081735,,,28.1,386.7,75.0,50,-1.7489999999999994,69.60300000000001,Actionable Watch,582.70 or below,582.7,548.57,650.97,685.1,2.0,Strong
CUPID,CUPID.NS,2026-10-06,310.95001220703125,324.95001220703125,310.1000061035156,324.20001220703125,23852316.0,283.4400016784668,275.90019927978517,225.39919921875,159.33989974975586,301.24179289544634,289.22483953242727,268.5225000493561,70.11606600331451,13.413053534180117,4.137277306952925,1.0071573985225832,324.95001220703125,41.816001892089844,103.46442586959643,-0.23080473052026207,246.0,316.0,309.40000406901044,12.569448682996963,17.976720017644233,49.55944356560522,True,False,False,False,True,68.9,25.0,100.0,75.77,50.25,100.0,75.0,Pre-Breakout Watch,Cupid Limited,EQ,INE509F01029,Cupid Limited,Consumer Defensive,Household & Personal Products,382421499904.0,379181727744.0,4526189056.0,1373746944.0,1.01,,3.357,563785024.0,1864455040.0,,,,,37.985,30.351,12.506,281.58417,,84.71849,,,158.7,190.9,75.0,50,-1.7489999999999994,69.59100000000001,Actionable Watch,316.00 or below,316.0,295.88,356.24,376.36,2.0,Strong
STLTECH,STLTECH.NS,2026-10-06,1034.4000244140625,1051.0999755859375,1006.2999877929688,1016.7000122070312,3446928.0,877.2024993896484,744.5140014648438,653.4594998168945,421.8396495056152,933.0645136227016,874.6094583809428,771.2865155906485,76.52764496100437,43.85172853125443,4.313143307243796,1.5888267424070863,1051.0999755859375,84.5999984741211,141.0157540664033,-3.2727584604623328,783.3499755859375,1003.0999755859375,978.7833251953125,17.32056783403508,23.281192816546326,90.44676570250513,True,False,False,True,True,75.03,25.0,100.0,62.94,70.61,100.0,100.0,Strong Breakout Watch,Sterlite Technologies Limited,BE,INE089C01029,Sterlite Technologies Limited,Technology,Communication Equipment,438259679232.0,432357310464.0,56429998080.0,2430000128.0,4.58,32.5,46.463,19420000256.0,3249999872.0,,,,,15.706999999999999,4.306,85.626,186.14629,26.232307,18.349009,,,87.4,1755.0,65.71,50,-1.7489999999999994,69.553,Actionable Watch,1003.10 or below,1003.1,937.32,1134.66,1200.43,2.0,Strong
DIACABS,DIACABS.NS,2026-10-06,350.0,368.29998779296875,348.1499938964844,368.29998779296875,1146380.0,361.75249633789065,351.5851983642578,283.30929901123045,211.95784957885743,357.2384256298081,356.84259858553423,336.63470762374504,55.900842908400406,17.733274342628174,4.81489951951791,1.3916665108743447,404.0,115.56999969482422,73.76095696609025,-8.836636684908727,325.20001220703125,404.0,351.93332926432294,8.563003034036477,10.73360824844427,61.91856894485672,True,False,False,False,False,65.93,25.0,100.0,95.8,63.71,100.0,35.0,Momentum Watch,Diamond Power Infrastructure Limited,BE,INE989C01038,Diamond Power Infrastructure Limited,Industrials,Specialty Industrial Machinery,231752531968.0,229208227840.0,22981556224.0,2002098944.0,3.8,,-11.466,25365014528.0,358076992.0,,,,,9.458999,8.712,,101.97369,,-33.79557,,,127.2,208.3,79.28,50,-1.7489999999999994,69.52100000000002,Actionable Watch,368.30 or below,368.3,341.7,421.5,448.1,2.0,Strong
TDPOWERSYS,TDPOWERSYS.NS,2026-10-06,810.0,832.75,798.2999877929688,816.0,2737910.0,764.8175018310546,723.6149987792969,664.802998046875,551.4144985961914,786.365292408987,768.0207758033508,726.6554372940681,61.5616533986984,37.73484094389905,4.624367762732727,0.8657318900199776,856.0999755859375,291.3500061035156,47.983051239566386,-4.684029521025512,680.0,856.0999755859375,821.6666666666666,4.9720236222982495,6.139439770613242,45.06666666666668,True,False,False,False,False,62.48,25.0,98.33,92.88,45.3,100.0,35.0,52W High Watch,TD Power Systems Limited,EQ,INE419M01035,TD Power Systems Limited,Industrials,Specialty Industrial Machinery,226687451136.0,225412349952.0,21243891712.0,2749943040.0,8.77,14.875,34.304,181074000.0,1436436992.0,,,,,17.884000999999998,12.945,1.689,82.7252,48.77311,21.149137,,13.0,72.1,72.0,84.44,50,-1.7489999999999994,69.51500000000001,Actionable Watch,816.00 or below,816.0,759.4,929.2,985.81,2.0,Strong
DEVX,DEVX.NS,2026-10-06,38.4900016784668,40.54999923706055,38.11000061035156,39.619998931884766,278350.0,35.03050003051758,34.448000030517576,35.32759994506836,37.44394998550415,36.77708902890445,35.638012750586455,35.02789049406886,73.43147905772821,1.709124504818637,4.31379240508559,2.3023940431395937,54.0,29.950000762939453,5.8114834231512535,-26.62963160762081,31.209999084472656,38.5,37.46666590372721,9.659556492096133,20.060602823893237,13.524347276907434,True,False,False,True,True,79.18,25.0,100.0,69.14,95.58,96.49,100.0,Strong Breakout Watch,Dev Accelerator Limited,EQ,INE0VOV01021,Dev Accelerator Limited,Real Estate,Real Estate Services,3418106112.0,6570809344.0,2240673024.0,101536000.0,1.25,,17.119,3704083968.0,553043008.0,,,,,23.431998,4.531000000000001,199.506,28.896,,2.1099362,,,-3.3000000000000003,700.0,59.28,50,-1.7489999999999994,69.471,Actionable Watch,38.50 or below,38.5,35.94,43.63,46.19,2.0,Strong
DEEPAKFERT,DEEPAKFERT.NS,2026-10-06,1305.0,1391.9000244140625,1296.4000244140625,1385.5999755859375,875100.0,1338.0000061035157,1428.1380029296874,1475.07,1296.853501586914,1340.4502111664267,1353.1575385999372,1400.4840839240617,52.6197412807911,49.507095601551434,3.5729717432057586,3.654873979728,1681.0,866.4000244140625,6.843215050152351,-17.572874742062016,1269.0999755859375,1397.800048828125,1304.066650390625,2.5990355857784087,3.07990075270943,-8.444565003730908,True,False,True,False,True,70.8,25.0,49.4,89.24,100.0,100.0,75.0,Pre-Breakout Watch,Deepak Fertilizers and Petrochemicals Corporation Limited,EQ,INE501A01019,Deepak Fertilisers And Petrochemicals Corporation Limited,Basic Materials,Chemicals,175167619072.0,225477115904.0,121035399168.0,9841200128.0,76.54,124.83333,542.105,56702799872.0,6623699968.0,,,,,22.732,8.131,75.969,18.11079,11.104406,2.5570693,0.98,75.0,22.5,101.6,71.48,50,-1.7489999999999994,69.32300000000001,Actionable Watch,1385.60 or below,1385.6,1311.34,1534.12,1608.38,2.0,Strong
YASHO,YASHO.NS,2026-10-06,4040.0,4350.0,4039.89990234375,4282.7998046875,33512.0,4058.734973144531,4105.4719921875,3399.5219921875,2415.2069934082033,4101.426467228772,4086.582435373066,3916.3377003043415,57.965358163959756,208.50420129652755,4.868408770083554,0.9710892879393331,4994.0,1130.0,77.32640789698341,-14.241093218111732,3773.0,4286.89990234375,4079.5999348958335,4.0044660204075155,7.397556353059009,44.080733547098404,True,False,False,False,True,72.34,25.0,100.0,99.93,48.99,100.0,75.0,Pre-Breakout Watch,Yasho Industries Limited,EQ,INE616Z01012,Yasho Industries Limited,Basic Materials,Specialty Chemicals,46822522880.0,52366684160.0,9391352832.0,576657024.0,47.74,,368.245,5579323904.0,35164000.0,,,,,19.155,6.140000000000001,125.684,81.34478,,10.545696,,1.0,54.900000000000006,890.1,69.16,50,-1.7489999999999994,69.31900000000002,Actionable Watch,4282.80 or below,4282.8,3970.04,4908.31,5221.07,2.0,Strong
MODIS,MODIS.NS,2026-10-06,380.0,387.0,370.0,380.8500061035156,38246.0,363.03500213623045,381.3210003662109,364.8484991455078,347.40599945068357,368.78654878927296,367.8498065486696,370.7595250482343,59.11649021877601,13.551287352421514,3.5581691309565726,1.4841720267372935,429.04998779296875,276.0,9.626778669831126,-11.234117949144718,339.5,387.54998779296875,373.53333536783856,4.960727489932815,-0.5743327919493835,9.18865236015154,True,False,False,False,True,68.14,25.0,56.2,97.77,66.95,100.0,75.0,Pre-Breakout Watch,Modis Navnirman Limited,EQ,INE0L0L01012,Modi's Navnirman Limited,Real Estate,Real Estate - Development,7294783488.0,7206839296.0,2020304000.0,309684000.0,15.79,,79.965,63078000.0,49148000.0,,,,,19.811999999999998,15.329,4.026,23.58138,,4.6564126,,,27.900000000000002,25.6,74.68,50,-1.7489999999999994,69.007,Actionable Watch,380.85 or below,380.85,360.52,421.5,441.83,2.0,Strong
STEELCAS,STEELCAS.NS,2026-10-06,363.54998779296875,376.70001220703125,357.6000061035156,369.6000061035156,88203.0,341.8450012207031,338.4979998779297,317.32649963378907,277.3254496765137,361.40678881249636,350.581693815646,336.92490808660716,60.48888897391509,18.28822313571968,4.948112238558138,0.34513509114073837,390.8999938964844,176.02000427246094,33.27302147517857,-5.448960891672272,292.20001220703125,390.8999938964844,358.5499979654948,-0.3101804171232292,13.079393973289633,19.495641994951818,True,False,False,False,False,59.08,25.0,91.76,95.02,27.08,100.0,35.0,Momentum Watch,Steelcast Limited,EQ,INE124E01038,Steelcast Limited,Basic Materials,Steel,31650299904.0,30672654336.0,4413003776.0,906883968.0,8.94,,39.033,0.0,977646016.0,,,,,22.996001,20.549999,,34.983223,,8.012451,,55.00000000000001,17.0,19.1,88.06,50,-1.7489999999999994,68.923,Actionable Watch,369.60 or below,369.6,342.17,424.46,451.9,2.0,Strong
NGLFINE,NGLFINE.NS,2026-10-06,3032.89990234375,3184.0,2995.0,3122.10009765625,18051.0,2819.1550048828126,2986.6480078125,2970.2700048828124,2497.0220001220705,2936.969130472431,2887.129633212753,2914.135886901964,62.758062345302555,150.99339769962893,4.836276639976378,1.8919301334758754,3602.0,1271.0,25.03294314201563,-13.32315109227512,2505.10009765625,3045.0,2958.1000162760415,8.749876479755514,8.670382793465015,-1.2274923561714335,True,False,False,True,True,75.71,25.0,66.36,90.48,81.22,100.0,100.0,Strong Breakout Watch,NGL Fine-Chem Limited,EQ,INE887E01022,NGL Fine-Chem Limited,Healthcare,Drug Manufacturers - General,17665441792.0,17658722304.0,5359322112.0,572833024.0,92.73,,532.918,1225816064.0,442984992.0,,,,,12.958998999999999,10.689,37.232,30.835758,,5.365553,,6.0,33.6,99.1,62.96,50,-1.7489999999999994,68.861,Actionable Watch,3045.00 or below,3045.0,2818.51,3497.98,3724.47,2.0,Strong
UNIMECH,UNIMECH.NS,2026-10-06,1850.0,1901.0,1819.699951171875,1873.0999755859375,287993.0,1668.725,1528.7440014648437,1327.4285064697265,1114.059253845215,1760.4267731658574,1683.543077495265,1542.5123522611166,73.17736967142199,77.07776228763949,4.114983892599126,0.9241861709185879,1901.0,695.0,68.13288603104965,-1.4676498902715718,1430.0999755859375,1868.199951171875,1817.0999755859375,11.82686421408583,14.942317356899038,55.78010126028661,True,False,False,False,True,67.55,25.0,100.0,69.65,47.35,100.0,75.0,Pre-Breakout Watch,Unimech Aerospace and Manufacturing Limited,EQ,INE0U3I01011,Unimech Aerospace and Manufacturing Limited,Industrials,Aerospace & Defense,78312718336.0,73577250816.0,2851223040.0,720227968.0,14.17,30.7,144.925,1267284992.0,5917983744.0,,,,,29.081000000000003,25.259999999999998,17.186,108.574455,50.114006,10.615835,,,70.89999999999999,45.5,75.0,50,-1.7489999999999994,68.781,Actionable Watch,1868.20 or below,1868.2,1752.58,2099.43,2215.05,2.0,Strong
MENONBE,MENONBE.NS,2026-10-06,285.0,309.6499938964844,285.0,304.95001220703125,189773.0,298.9250015258789,273.80320068359373,221.1734996032715,170.5644998550415,295.7960186398085,294.4633464339749,271.4714823527913,57.35571174601069,19.616193000159974,6.432592954560204,2.353073193715979,330.0,101.5,78.78867669778917,-7.590905391808711,268.1499938964844,330.0,282.25,4.847861718282842,-0.4569916332925805,69.79398766349037,True,False,False,False,False,71.41,25.0,100.0,98.71,97.36,100.0,35.0,Momentum Watch,Menon Bearings Limited,EQ,INE071D01033,Menon Bearings Limited,Consumer Cyclical,Auto Parts,17055774720.0,17413982208.0,3192869888.0,439286016.0,7.85,6.2,33.074,468531008.0,110323000.0,,,,,18.916,13.758000000000001,25.279,38.770702,49.08871,9.202092,,134.0,36.6,68.0,68.92,50,-1.7489999999999994,68.665,Actionable Watch,304.95 or below,304.95,275.53,363.8,393.22,2.0,Strong
KRONOX,KRONOX.NS,2026-10-06,196.80999755859375,206.64999389648438,191.3000030517578,206.64999389648438,39655.0,188.64649963378906,177.80059936523438,161.54309982299804,144.1440997695923,202.35765837787042,193.9789033090085,180.31293963104085,60.4327821577307,12.282884890074522,5.943810913552359,0.3249347139746919,227.74000549316406,96.0,43.36347739991084,-9.260565156749646,163.85000610351562,227.74000549316406,201.76666768391928,-4.7256801698629,11.890189595966373,37.05398300139715,True,False,False,False,False,60.23,25.0,100.0,95.13,26.37,100.0,35.0,Momentum Watch,Kronox Lab Sciences Limited,BE,INE0ATZ01017,Kronox Lab Sciences Limited,Basic Materials,Specialty Chemicals,6321037312.0,5749355520.0,1053190016.0,286840000.0,7.79,,31.636,16070000.0,487409984.0,,,,,30.106001999999997,27.235,1.384,21.869062,,5.3850045,,28.000000000000004,16.900000000000002,17.599999999999998,85.33,50,-1.7489999999999994,68.521,Actionable Watch,206.65 or below,206.65,188.23,243.5,261.92,2.0,Strong
SCI,SCI.NS,2026-10-06,292.04998779296875,293.79998779296875,283.25,289.0,5284835.0,276.87999725341797,286.4410003662109,292.1374987792969,273.01449935913087,278.3494515769718,278.9409581274226,283.6929603776534,58.08678787438273,8.765638901923818,3.0330930456483802,2.0405030690162924,368.75,195.5500030517578,5.855183764376326,-21.6271186440678,261.1499938964844,294.79998779296875,284.8833414713542,5.899599290435531,0.08658008658009031,1.332393979776647,True,False,True,False,True,70.15,25.0,51.24,99.83,86.42,96.84,75.0,Pre-Breakout Watch,Shipping Corporation Of India Limited,EQ,INE109A01011,,,,,,,,,,,,,,,,,,,,,,,,,,,,50,-1.7489999999999994,68.40100000000001,Actionable Watch,289.00 or below,289.0,275.85,315.3,328.45,2.0,Strong
CUB,CUB.NS,2026-10-06,229.5,229.74000549316406,223.0500030517578,223.75,1326296.0,226.77000122070314,222.52340057373047,214.14660079956056,208.25921287536622,225.7617789078421,226.06466335956478,223.17580327307107,48.069556872826496,7.930409505850967,3.544317097587025,0.6170150209161419,248.85000610351562,158.6925048828125,7.438224177820318,-10.086399633470222,210.69000244140625,239.1699981689453,228.5999959309896,4.113348000211858,-3.957591609388622,1.1070930476531293,True,False,True,False,False,50.96,25.0,42.97,80.14,36.6,100.0,35.0,Neutral Watch,City Union Bank Limited,EQ,INE491A01021,City Union Bank Limited,Financial Services,Banks - Regional,223699943424.0,240474767360.0,37122211840.0,14028846080.0,14.14,19.35358,106.637,53267980288.0,36493160448.0,,,,,50.985,37.791002,,15.967467,11.666059,2.1172764,,88.0,23.3,25.2,98.87,50,-1.7489999999999994,68.375,Actionable Watch,223.75 or below,223.75,211.85,247.54,259.44,2.0,Strong
TATVA,TATVA.NS,2026-10-06,1820.0999755859375,1900.0,1794.300048828125,1877.4000244140625,131923.0,1727.8899780273437,1699.5599926757814,1494.2449926757813,1367.2739959716796,1785.11441420741,1744.8852447019121,1667.073074164968,65.0124118703101,79.293351671841,4.2235725280012435,1.8399020377651107,1900.0,1026.5,37.30971480078884,-1.1894723992598721,1520.0,1880.0,1784.3333333333333,3.930469388862523,11.73670271235563,32.95092818304548,True,False,True,False,True,74.78,25.0,99.83,85.98,79.4,100.0,75.0,Pre-Breakout Watch,Tatva Chintan Pharma Chem Limited,EQ,INE0GK401011,Tatva Chintan Pharma Chem Limited,Basic Materials,Specialty Chemicals,36194529280.0,37319921664.0,5560489984.0,513840000.0,22.04,40.86667,334.033,1203730048.0,87910000.0,,,,,13.008000000000001,9.241000000000001,15.398,70.20417,37.862152,4.6321774,,12.0,42.9,140.5,63.01,50,-1.7489999999999994,68.32300000000001,Actionable Watch,1877.40 or below,1877.4,1758.46,2115.28,2234.22,2.0,Strong
LOKESHMACH,LOKESHMACH.NS,2026-10-06,438.70001220703125,471.20001220703125,431.25,455.70001220703125,687253.0,359.1199981689453,345.37400024414063,316.5865005493164,259.887200088501,390.86688008206903,367.72413169459816,346.05735610076243,75.91893877964743,25.109303271076033,5.5100510420150055,3.5937193198500816,471.20001220703125,138.9600067138672,75.34530829215478,-3.289473598992554,319.0,451.0,430.28333536783856,39.742411431411014,27.39725933900139,40.756760527268334,True,False,False,True,True,79.62,25.0,100.0,64.16,100.0,100.0,100.0,Strong Breakout Watch,Lokesh Machines Limited,EQ,INE397H01017,Lokesh Machines Limited,Industrials,Specialty Industrial Machinery,7240887296.0,8766949376.0,2159746048.0,44161000.0,2.22,,114.474,1694344960.0,2193000.0,,,,,10.3590004,2.0450002,74.215,149.63965,,2.9019692,,,15.4,112.99999999999999,55.56,50,-1.7489999999999994,68.24700000000001,Actionable Watch,451.00 or below,451.0,413.34,526.33,563.99,2.0,Strong
SHILPAMED,SHILPAMED.NS,2026-10-06,1028.0999755859375,1079.9000244140625,1026.0999755859375,1073.699951171875,586980.0,1003.084994506836,882.1909973144532,723.4249975585938,536.2022485351563,1039.948069828442,1002.8440888306463,896.3056125909777,65.2132641648975,48.3236741445929,4.500668374982293,0.6794904504607959,1095.0,259.5,100.24159803602117,-1.9452099386415567,874.8499755859375,1095.0,1044.433329264323,4.725671901670325,14.284188522817987,70.374473242496,True,False,False,False,True,68.65,25.0,100.0,85.57,38.78,100.0,75.0,Pre-Breakout Watch,Shilpa Medicare Limited,EQ,INE790G01031,Shilpa Medicare Limited,Healthcare,Drug Manufacturers - Specialty & Generic,178351063040.0,184426790912.0,16831800320.0,2973299968.0,15.19,20.8625,132.457,6598600192.0,451800000.0,,,,,21.697001,17.665,25.465,60.03292,43.71001,6.8844986,,6.0,44.9,115.39999999999999,71.7,50,-1.7489999999999994,68.12100000000001,Actionable Watch,1073.70 or below,1073.7,1001.21,1218.67,1291.16,2.0,Strong
GRINDWELL,GRINDWELL.NS,2026-10-06,2023.0999755859375,2066.5,1992.0,2033.0999755859375,40139.0,1930.6949951171875,2012.3220092773438,2018.7110107421875,1799.3780059814453,1976.7223090551267,1963.929929956207,1982.2867420276903,58.50327663788724,59.294877427755075,2.9164762254579415,1.2818330605564647,2455.0,1329.0,12.989042259467421,-17.185337043342663,1813.5999755859375,2038.0,2000.2666422526042,5.989992041437975,5.183917942276883,-0.058991948748110534,True,False,False,False,True,67.88,25.0,60.32,98.99,59.86,100.0,75.0,Pre-Breakout Watch,Grindwell Norton Limited,EQ,INE536A01023,Grindwell Norton Limited,Industrials,Building Products & Equipment,209880825856.0,195385704448.0,31730294784.0,4367190016.0,39.66,51.43333,228.933,607126976.0,11556020224.0,,,,,16.244,13.763,2.381,47.79627,36.855476,8.280151,,102.0,14.2,22.3,72.59,50,-1.7489999999999994,68.015,Actionable Watch,2033.10 or below,2033.1,1944.16,2210.98,2299.93,2.0,Strong
LOTUSDEV,LOTUSDEV.NS,2026-10-06,237.88999938964844,248.10000610351562,230.8300018310547,244.72999572753906,1512350.0,218.1060012817383,196.74500061035155,171.1699006652832,156.1921003341675,228.47181511968506,217.92699803867953,198.7971378194825,75.60815137690072,10.774470026132319,4.40259478373369,0.8203562255943548,248.10000610351562,102.19999694824219,56.68525821981256,-1.358327405510218,193.0,240.39999389648438,235.39666239420572,14.279711745327628,23.097429069386543,71.69216167722938,True,False,False,False,True,66.27,25.0,100.0,64.78,43.71,100.0,75.0,Pre-Breakout Watch,Sri Lotus Developers and Realty Limited,BE,INE0V9Q01010,Sri Lotus Developers and Realty Limited,Industrials,Engineering & Construction,104362057728.0,97288904704.0,8399810048.0,2569420032.0,5.04,10.6,39.19,1312169984.0,8485960192.0,,,,,36.098,30.589,6.839,42.369045,20.14528,5.448839,,24.0,115.8,57.599999999999994,75.0,50,-1.7489999999999994,68.013,Actionable Watch,240.40 or below,240.4,224.24,272.72,288.89,2.0,Strong
SYNCOMF,SYNCOMF.NS,2026-10-06,23.139999389648438,23.829999923706055,22.770000457763672,23.219999313354492,15325487.0,20.958499908447266,18.04519992828369,16.113499965667724,14.640999965667724,22.778380646787074,21.381865521910978,18.965460364188882,62.29227169672995,1.6628441908271,7.161258570196212,0.5047765902550704,27.489999771118164,10.210000038146973,58.595720017785744,-15.5329228567323,16.610000610351562,27.489999771118164,23.513333638509113,4.594587907032044,14.553521405871162,66.57101873970089,True,False,True,False,False,60.61,25.0,100.0,91.42,32.67,100.0,35.0,Momentum Watch,Syncom Formulations (India) Limited,EQ,INE312C01025,Syncom Formulations (India) Limited,Healthcare,Drug Manufacturers - Specialty & Generic,17418201088.0,16594314240.0,4977961984.0,855304000.0,0.9,,4.451,14742000.0,1128551040.0,,,,,19.650999,17.181998,0.355,20.58889,,4.1631093,,51.0,7.3999999999999995,23.799999999999997,83.48,50,-1.7489999999999994,68.00900000000001,Actionable Watch,23.22 or below,23.22,20.73,28.21,30.7,2.0,Strong
CPCAP,CPCAP.NS,2026-10-06,135.0,161.33999633789062,135.0,154.52999877929688,462217.0,144.24300079345704,129.4840003967285,116.1369004058838,106.75660022735596,146.06146039361585,142.5378400460318,131.89036027848235,62.37544557486849,9.166781724954488,5.932040249380113,6.591856176749944,161.33999633789062,73.51000213623047,44.74983134550885,-4.220898545411966,128.11000061035156,160.5,135.93333435058594,2.869123634383075,13.716976579122985,38.80355361333683,True,False,True,False,False,70.69,25.0,100.0,91.25,100.0,100.0,35.0,52W High Watch,CP Capital Limited,EQ,INE521J01018,CP Capital Limited,Financial Services,Credit Services,2550954752.0,3290605824.0,790505024.0,451108000.0,24.79,,314.755,772068992.0,30738000.0,,,,,88.744,57.065999999999995,13.476,5.654296,,0.44533047,,,13.200000000000001,23.400000000000002,68.3,50,-1.7489999999999994,67.985,Actionable Watch,154.53 or below,154.53,140.78,182.03,195.78,2.0,Strong
VARDHACRLC,VARDHACRLC.NS,2026-10-06,45.0,45.0,43.0,43.630001068115234,58968.0,44.04450035095215,44.3186003112793,44.13780010223389,40.41585004806519,44.07594777620853,44.048291621529145,43.97689446133298,46.595001110180384,1.4485509984431177,3.32008013518413,1.7087047798703867,48.54999923706055,27.010000228881836,7.952699290569343,-10.133878983029199,42.5099983215332,45.79999923706055,44.76000086466471,-1.3788440036350047,1.9630757995218406,-1.4901779945114546,True,False,False,False,False,57.71,25.0,52.73,77.19,74.8,100.0,35.0,Neutral Watch,Vardhman Acrylics Limited,EQ,INE116G01013,Vardhman Acrylics Limited,Consumer Cyclical,Textile Manufacturing,3475731968.0,1617046528.0,3274299904.0,417200000.0,5.19,,31.597,0.0,1855800064.0,,,,,21.711999000000002,12.742,,8.333333,,1.3688009,,340.0,12.8,818.2,87.48,50,-1.7489999999999994,67.869,Actionable Watch,43.63 or below,43.63,42.51,45.87,46.99,2.0,Strong
SMARTLINK,SMARTLINK.NS,2026-10-06,226.9499969482422,233.8300018310547,218.0,221.89999389648438,15545.0,217.88300170898438,217.8532000732422,196.86510025024415,162.70760025024413,216.5316650607127,216.87866538632628,212.48928511959238,53.94300646557885,10.580908948928176,4.768323226662249,2.2719300809681098,241.80999755859375,103.5,36.37961198813233,-8.233738829299197,203.0,241.80999755859375,220.70333353678384,6.411545195153412,5.255661790783339,19.532425461135738,True,False,False,False,False,66.38,25.0,76.14,91.89,94.52,100.0,35.0,Momentum Watch,Smartlink Holdings Limited,BE,INE178C01020,Smartlink Holdings Limited,Technology,Communication Equipment,2328264704.0,1396437760.0,2975991040.0,165770000.0,16.63,,210.327,25059000.0,956886016.0,,,,,5.4029997000000005,5.57,1.194,14.035479,,1.1097482,,87.0,61.9,157.8,74.43,50,-1.7489999999999994,67.851,Actionable Watch,221.90 or below,221.9,206.03,253.64,269.51,2.0,Strong
LATTEYS,LATTEYS.NS,2026-10-06,20.40999984741211,23.979999542236328,20.40999984741211,21.889999389648438,135856.0,20.823499965667725,21.015200004577636,21.43420000076294,21.531599984169006,20.90054132855571,20.903044078589346,21.049408534941513,58.899920464884616,1.2069444041694741,5.513679478402481,2.7714995935245454,37.0,15.789999961853027,1.6645275118567282,-40.83783948743665,19.700000762939453,22.0,20.730000178019207,5.493972962161142,6.780484827553357,6.780484827553357,True,True,True,False,True,69.58,25.0,68.99,98.2,100.0,63.32,75.0,Pre-Breakout Watch,Latteys Industries Limited,EQ,INE262Z01023,,,,,,,,,,,,,,,,,,,,,,,,,,,,50,-1.7489999999999994,67.831,Actionable Watch,21.89 or below,21.89,20.08,25.51,27.32,2.0,Strong
INDSWFTLAB,INDSWFTLAB.NS,2026-10-06,388.70001220703125,401.5,386.8999938964844,400.45001220703125,367930.0,390.64749908447266,340.36320068359373,265.0178007507324,195.980650100708,395.4359244794972,386.70517799931963,344.8663788605986,59.71410824250029,21.27002038550322,5.3115294636342005,0.5851476693531592,424.75,87.1500015258789,104.33140312640722,-5.721009486278694,320.20001220703125,424.75,393.1666666666667,-3.062211016601757,3.1290303363441074,74.2147442546371,True,False,False,False,False,61.81,25.0,100.0,96.57,35.48,100.0,35.0,Momentum Watch,Ind-Swift Laboratories Limited,EQ,INE915B01019,Ind-Swift Laboratories Limited,Healthcare,Drug Manufacturers - Specialty & Generic,32936691712.0,28706314240.0,6744245760.0,573249024.0,6.71,,165.767,205012992.0,4417501184.0,,,,,13.502,8.5,1.481,56.445602,,2.2848337,,,25.4,142.70000000000002,81.1,50,-1.7489999999999994,67.777,Actionable Watch,400.45 or below,400.45,368.54,464.26,496.17,2.0,Strong
YUKEN,YUKEN.NS,2026-10-06,1142.4000244140625,1333.9000244140625,1137.4000244140625,1238.5999755859375,282116.0,1115.97998046875,961.1799926757812,837.3994964599609,796.2444985961914,1149.5610058535003,1106.5638181284075,997.6556311867237,79.43017601980347,64.74324614729827,5.227131230700254,6.865146816015496,1333.9000244140625,584.0999755859375,55.555231812544406,-7.144467132758847,968.0999755859375,1153.8499755859375,1122.6999918619792,10.014655810719386,22.536603734073914,60.22249468266574,True,False,False,True,True,78.57,25.0,100.0,57.14,100.0,100.0,100.0,Strong Breakout Watch,Yuken India Limited,EQ,INE384C01016,Yuken India Limited,Industrials,Specialty Industrial Machinery,14638117888.0,15556937728.0,4919474176.0,156363008.0,11.58,,274.68,1146749952.0,227650000.0,,,,,6.834,3.1780000000000004,30.736,93.05699,,3.9231105,,13.0,28.499999999999996,23.1,55.88,50,-1.7489999999999994,67.745,Actionable Watch,1153.85 or below,1153.85,1056.74,1348.08,1445.19,2.0,Strong
SSWL,SSWL.NS,2026-10-06,413.6499938964844,434.0,411.54998779296875,424.70001220703125,2408831.0,378.1824981689453,342.0025994873047,290.170799407959,246.84025016784668,397.86715640053706,380.1456758577226,345.0365779804326,72.24975589894026,19.347190872727154,4.555495718539291,1.7136298692484797,434.0,169.0,72.05460289326531,-2.1428543301771352,326.0,419.79998779296875,402.71666463216144,6.002750200156171,13.830073776305252,69.58153971684114,True,False,False,True,True,76.97,25.0,100.0,71.5,74.98,100.0,100.0,Strong Breakout Watch,Steel Strips Wheels Limited,EQ,INE802C01033,Steel Strips Wheels Limited,Consumer Cyclical,Auto Parts,53312868352.0,61436715008.0,55058362368.0,2124273024.0,13.49,21.1,114.789,8283693056.0,114001000.0,,,,,8.2600005,3.8580000000000005,45.898,25.129726,16.06635,2.9532447,,40.0,27.200000000000003,46.5,58.26,50,-1.7489999999999994,67.737,Actionable Watch,419.80 or below,419.8,390.78,477.84,506.86,2.0,Strong
ADFFOODS,ADFFOODS.NS,2026-10-06,284.70001220703125,299.75,281.6000061035156,293.1000061035156,487300.0,271.43499755859375,270.5110009765625,282.76399963378907,246.1113497161865,277.5304143557586,273.4351391921923,273.9942596846107,67.04166123192869,10.618094881809496,3.6226866805521145,3.931685650718987,346.95001220703125,153.10000610351562,19.09243780976213,-15.520969652360861,248.8000030517578,285.20001220703125,281.28333536783856,9.939984768683985,10.125873689673327,-8.248553794525614,True,False,False,True,True,76.84,25.0,63.65,81.92,100.0,100.0,100.0,Strong Breakout Watch,ADF Foods Limited,EQ,INE982B01027,ADF Foods Limited,Consumer Defensive,Packaged Foods,29350057984.0,28401180672.0,7176418816.0,919644992.0,8.36,,52.058,550675968.0,856851968.0,,,,,14.308000000000002,12.814999999999998,9.628,31.955742,,5.1317763,,46.0,25.900000000000002,13.0,58.31,50,-1.7489999999999994,67.679,Actionable Watch,285.20 or below,285.2,269.27,317.05,332.98,2.0,Strong
OPTIEMUS,OPTIEMUS.NS,2026-10-06,794.0,924.9000244140625,793.9000244140625,889.9000244140625,10818282.0,697.7725036621093,625.4730004882813,556.3919998168946,483.8127503967285,792.2659715585959,727.6114404837313,646.1148084995089,72.97656541445069,50.03699468173422,5.622765851105591,5.290786114616039,924.9000244140625,288.0,83.93480198368908,-3.7841927858281776,540.0,850.6500244140625,800.5333455403646,11.768401252255579,59.953278235850775,57.14286484134576,True,False,False,True,True,80.51,25.0,100.0,70.05,100.0,100.0,100.0,Strong Breakout Watch,Optiemus Infracom Limited,EQ,INE350C01017,Optiemus Infracom Limited,Technology,Electronics & Computer Distribution,54546194432.0,57416110080.0,22162569216.0,726640000.0,8.1,,87.569,3728220928.0,418145984.0,,,,,2.693,3.279,45.355,74.68518,,6.9082665,,,102.8,46.0,52.69,50,-1.7489999999999994,67.63300000000001,Actionable Watch,850.65 or below,850.65,775.59,1000.76,1075.82,2.0,Strong
MOREPENLAB,MOREPENLAB.NS,2026-10-06,135.6999969482422,145.25,135.61000061035156,143.9600067138672,22419072.0,121.10699996948242,100.55580009460449,76.31050006866455,58.08825006484985,129.15805483902818,121.37060104423561,103.8884338503166,76.03397180565351,7.352506588618014,5.1073258166983475,1.2703714325723656,145.25,33.04999923706055,147.82982195736642,-0.8881193019847244,97.04000091552734,137.63999938964844,134.4633331298828,19.261045319969085,21.096912886855,131.11254550966228,True,False,True,True,True,73.51,25.0,100.0,63.93,59.46,100.0,100.0,Strong Breakout Watch,Morepen Laboratories Limited,EQ,INE083A01026,Morepen Laboratories Limited,Healthcare,Drug Manufacturers - Specialty & Generic,58203643904.0,59330633728.0,19505807360.0,1405278976.0,2.56,,22.167,2078552064.0,916993984.0,,,,,13.012,7.204000000000001,16.667,41.492188,,4.7918077,,17.0,34.1,415.00000000000006,63.01,50,-1.7489999999999994,67.561,Actionable Watch,137.64 or below,137.64,126.61,159.7,170.73,2.0,Strong
GALAXYSURF,GALAXYSURF.NS,2026-10-06,2346.5,2448.0,2346.5,2442.39990234375,99858.0,2247.664990234375,2200.201994628906,2041.4129968261718,1953.4384997558593,2320.349622433069,2273.925513565818,2195.937789103114,64.20180408222149,96.7631727698154,3.9618071011614657,1.8328100867142467,2648.0,1510.0,25.030806070884815,-7.764354141097051,2078.699951171875,2487.199951171875,2369.3333333333335,11.4894762761661,12.812928514722866,22.07727105272117,True,False,True,False,True,74.0,25.0,93.29,87.6,79.15,100.0,75.0,Pre-Breakout Watch,Galaxy Surfactants Limited,EQ,INE600K01018,Galaxy Surfactants Limited,Basic Materials,Specialty Chemicals,75422892032.0,70309593088.0,57522601984.0,3538099968.0,99.52,107.71,774.178,2354700032.0,7468000256.0,,,,,11.966000000000001,6.151,8.579,21.375605,19.750256,2.7478178,,101.0,39.4,108.1,61.97,50,-1.7489999999999994,67.43900000000001,Actionable Watch,2442.40 or below,2442.4,2297.26,2732.69,2877.83,2.0,Strong
ALIVUS,ALIVUS.NS,2026-10-06,1365.4000244140625,1394.699951171875,1354.199951171875,1384.0,166790.0,1379.0950012207031,1357.2759985351563,1226.0170001220704,1094.520251159668,1375.1450863199502,1374.4942865465944,1334.9173434057495,53.63781803839352,43.99210714913112,3.1786204587522486,1.413624324610658,1493.800048828125,819.0,26.44809436222142,-7.350384605641313,1317.199951171875,1446.0,1373.63330078125,2.004713310216033,0.8746355685131268,19.187052893283084,True,False,False,False,False,60.43,25.0,67.1,91.28,64.48,100.0,35.0,Neutral Watch,Alivus Life Sciences Limited,EQ,INE03Q201024,Alivus Life Sciences Limited,Healthcare,Drug Manufacturers - Specialty & Generic,165471371264.0,158195384320.0,25904001024.0,6030239744.0,49.09,62.8129,271.018,567710016.0,7825110016.0,,,,,29.845,23.279,1.704,27.455694,21.457376,4.9731016,,36.0,6.4,31.7,82.18,50,-1.7489999999999994,67.381,Actionable Watch,1384.00 or below,1384.0,1318.01,1515.98,1581.96,2.0,Strong
AEROFLEX,AEROFLEX.NS,2026-10-06,549.7000122070312,563.5,536.4000244140625,560.75,1322498.0,529.6875,502.8879998779297,468.9429998779297,355.0615502166748,535.1916954767004,528.6285391032716,504.98291652714,61.32299208518426,25.009684490623734,4.4600418173203265,1.0621544403804986,584.1500244140625,158.0,57.93036437141805,-4.005824434833183,456.8500061035156,584.1500244140625,539.9166666666666,3.919574753704591,-2.2231909328683575,36.46872921133857,True,False,False,False,False,60.04,25.0,74.73,93.35,52.18,100.0,35.0,52W High Watch,Aeroflex Industries Limited,EQ,INE024001021,Aeroflex Industries Limited,Industrials,Metal Fabrication,67171098624.0,66563538944.0,5029782016.0,671532032.0,5.13,9.9,33.8,88936000.0,696496000.0,,,,,17.643,13.350999999999999,1.988,98.947365,51.272728,15.017752,,7.000000000000001,72.39999999999999,158.20000000000002,82.7,50,-1.7489999999999994,67.35500000000002,Actionable Watch,560.75 or below,560.75,523.24,635.78,673.29,2.0,Strong
ROLEXRINGS,ROLEXRINGS.NS,2026-10-06,190.89999389648438,191.55999755859375,185.60000610351562,188.17999267578125,2424654.0,179.88649978637696,172.14059936523438,157.84420028686523,144.53880027770995,187.96666437192272,182.8936604274799,173.28191318719615,58.49169434169081,7.536382661818564,4.004879878384912,1.1444608979258348,199.0,99.79000091552734,30.193409876255494,-5.437189610160176,160.74000549316406,199.0,192.6233367919922,-2.724220395759913,7.121303943320378,30.716854612132003,True,False,False,False,False,63.43,25.0,88.82,99.02,55.06,100.0,35.0,Momentum Watch,Rolex Rings Limited,EQ,INE645S01024,Rolex Rings Limited,Industrials,Metal Fabrication,43670593536.0,41661263872.0,11562489856.0,1520819968.0,5.59,9.26667,44.563,0.0,3674030080.0,,,,,19.610001,13.153,,29.779964,17.964382,3.7356102,,,4.3999999999999995,22.400000000000002,77.35,50,-1.7489999999999994,67.249,Actionable Watch,188.18 or below,188.18,176.88,210.79,222.09,2.0,Strong
OMFREIGHT,OMFREIGHT.NS,2026-10-06,101.80000305175781,108.0,97.0,105.0,74988.0,90.88550071716308,91.2868002319336,90.4135001373291,87.72280006408691,96.25003670635054,93.13121951133596,91.54762680051905,74.75041130910176,5.364862881897793,5.109393220855041,5.089280260612847,114.33000183105469,58.95000076293945,19.695221679302332,-8.160589243094407,83.45999908447266,103.98999786376953,100.3133316040039,17.964270845985062,16.874448219134152,9.477631102918792,True,False,True,True,True,78.67,25.0,91.33,66.5,100.0,100.0,100.0,Strong Breakout Watch,Om Freight Forwarders Limited,EQ,INE1BZC01019,Om Freight Forwarders Limited,Industrials,Integrated Freight & Logistics,3040555520.0,2818323456.0,5758400000.0,201100000.0,5.98,,61.629,505000000.0,649400000.0,,,,,4.407,3.492,24.333,15.098662,,1.465057,,,104.80000000000001,112.7,54.41,50,-1.7489999999999994,67.217,Actionable Watch,103.99 or below,103.99,95.94,120.08,128.13,2.0,Strong
INDOAMIN,INDOAMIN.NS,2026-10-06,146.89999389648438,168.0,145.69000244140625,161.16000366210938,8040921.0,133.69400062561036,128.949599609375,129.98069976806642,121.39104949951172,142.71101429810767,136.3388755019335,131.09851606743314,75.99555116964018,8.78668557914438,5.452150272698359,13.872560449357367,168.0,81.9000015258789,32.76102672030825,-4.0714263916015625,117.69999694824219,152.64999389648438,143.2866668701172,17.232852426743484,27.945383322867844,26.578702519947317,True,False,True,True,True,79.6,25.0,100.0,64.01,100.0,100.0,100.0,Strong Breakout Watch,Indo Amines Limited,EQ,INE760F01028,Indo Amines Limited,Basic Materials,Chemicals,8904315904.0,11890153472.0,12467159040.0,812395008.0,11.03,,52.231,3108783104.0,237048992.0,,,,,12.4069996,6.516,78.948,11.121487,,2.3486052,,39.0,30.3,6.1,52.96,50,-1.7489999999999994,67.19500000000001,Actionable Watch,152.65 or below,152.65,139.47,179.01,192.19,2.0,Strong
MAHABANK,MAHABANK.NS,2026-10-06,81.0,81.30000305175781,80.0199966430664,80.80000305175781,8452470.0,81.97349967956544,81.6313996887207,82.60749992370606,75.71879983901978,81.01707664051972,81.63871621256548,81.90297279475158,46.62189438053509,2.1833441968977705,2.702158557468361,0.6656354117752413,94.5,54.65999984741211,6.7106230203606065,-14.497351267981152,78.87000274658203,86.25,81.0500005086263,2.0717525439345463,-4.705741031592392,1.6735897956777768,True,False,False,False,False,50.62,25.0,41.93,77.24,38.3,100.0,35.0,Neutral Watch,Bank of Maharashtra,EQ,INE457A01014,Bank of Maharashtra,Financial Services,Banks - Regional,611940106240.0,850761351168.0,141095370752.0,75358060544.0,9.79,12.5,46.399,387485990912.0,148798193664.0,,,22.961001,1.9,57.523,53.40899999999999,,8.126659,6.3648,1.7146921,,261.0,21.8,34.2,96.36,50,-1.7489999999999994,67.167,Actionable Watch,80.80 or below,80.8,78.87,86.25,86.59,2.82,Strong
IL&FSENGG,IL&FSENGG.NS,2026-10-06,39.779998779296875,40.04999923706055,39.0,39.540000915527344,142150.0,39.34449996948242,36.98019989013672,33.05939994812012,29.263950023651123,39.31357260513453,38.895808278716544,36.762136404035175,54.65375204004557,1.8671362682727657,4.722145232777529,3.234890852302143,43.79999923706055,21.0,35.11505071451775,-9.726023734559075,35.0,43.79999923706055,39.44333267211914,2.5680977900384594,7.591839225924746,38.4938773105141,True,False,True,False,False,70.39,25.0,95.98,93.31,100.0,100.0,35.0,Momentum Watch,IL&FS Engineering and Construction Company Limited,BZ,INE369I01014,IL&FS Engineering and Construction Company Limited,Industrials,Engineering & Construction,5136012288.0,29605212160.0,1879200000.0,13300000.0,0.81,,-243.277,26717200384.0,2248000000.0,0.137,0.126,,-0.8659999999999999,68.70200600000001,0.7080000000000001,,48.35802,,-0.16100988,,,-70.8,37.2,66.67,50,-1.7489999999999994,67.153,Actionable Watch,39.54 or below,39.54,36.74,45.14,47.94,2.0,Strong
DIVGIITTS,DIVGIITTS.NS,2026-10-06,1120.0,1143.0,1100.0,1119.199951171875,71939.0,1154.2950012207032,1147.5899987792968,1005.6849987792968,837.7839984130859,1150.267072843213,1157.3400777428694,1121.9786501478204,44.170073672813544,63.89344523530692,5.708849894820522,0.6116312732080268,1329.800048828125,573.7000122070312,33.590514176904996,-15.836974727278708,1062.0,1285.199951171875,1125.4666748046875,-8.156903529090265,-4.8218447202125425,16.662321327345285,True,False,False,False,False,51.37,25.0,53.69,72.34,36.41,100.0,35.0,Neutral Watch,Divgi Torqtransfer Systems Limited,EQ,INE753U01022,Divgi TorqTransfer Systems Limited,Consumer Cyclical,Auto Parts,33833893888.0,30918545408.0,4183539968.0,632369984.0,20.68,33.2,207.7,17700000.0,2945230080.0,,,,,21.290001,15.116,0.279,53.49613,33.32229,5.3264327,,28.000000000000004,91.3,182.5,94.9,50,-1.7489999999999994,67.033,Actionable Watch,1119.20 or below,1119.2,1062.0,1285.2,1290.8,2.9,Strong
MUFIN,MUFIN.NS,2026-10-06,133.3000030517578,136.4499969482422,132.25,135.1699981689453,2219269.0,132.70699920654297,134.4497998046875,130.49570014953613,121.43569988250732,132.51894706591304,132.90211023313057,132.68529072354252,56.04397058886565,3.517133300749466,2.602007359912439,3.046117278594602,141.5,85.12999725341797,11.309934640082231,-4.473499527247126,125.0199966430664,138.3300018310547,132.63999938964844,2.285285215243049,-0.13299440447209765,5.428586764378762,True,False,False,False,False,64.52,25.0,54.08,96.09,100.0,100.0,35.0,52W High Watch,Mufin Green Finance Limited,EQ,INE08KJ01020,Mufin Green Finance Limited,Financial Services,Credit Services,25872056320.0,37802835968.0,944417024.0,387912000.0,2.15,,32.655,13975982080.0,2427653888.0,,,,,57.062999999999995,41.074002,243.19,60.72558,,3.9981627,,,49.0,268.40000000000003,75.0,50,-1.7489999999999994,66.963,Actionable Watch,135.17 or below,135.17,129.89,145.72,151.0,2.0,Strong
NINSYS,NINSYS.NS,2026-10-06,842.0,867.25,815.2999877929688,822.5499877929688,7334.0,735.7525024414062,735.86400390625,755.2455004882812,573.5955004882812,781.7512126071232,753.4045358475195,742.697060539317,74.37500454670547,27.30134587081259,3.319110847483738,1.42644584698869,935.0,281.04998779296875,43.40244773411952,-12.026739273479281,687.0499877929688,844.8499755859375,831.6166585286459,11.585153706911688,16.533260075578625,-5.426848198566403,True,False,False,False,False,58.64,25.0,78.73,67.25,64.93,100.0,35.0,Momentum Watch,NINtec Systems Limited,EQ,INE395U01014,NINtec Systems Limited,Technology,Information Technology Services,13176885248.0,12473246720.0,1772018048.0,335568000.0,18.05,,49.367,18882000.0,749790016.0,,,,,24.962999,18.937,2.061,39.299168,,14.36891,,,18.099999999999998,20.1,83.76,50,-1.7489999999999994,66.93900000000001,Actionable Watch,822.55 or below,822.55,781.6,904.45,945.41,2.0,Strong
QPOWER,QPOWER.NS,2026-10-06,1630.199951171875,1681.0,1609.5999755859375,1648.800048828125,332290.0,1516.2499938964843,1374.8499975585937,1266.6839990234375,1085.1507498168946,1580.230655956819,1524.4988264179262,1413.8108224556868,65.61406412581516,75.12479564083095,4.556331478412162,1.021806052730223,1681.0,581.0,51.94202732720215,-1.9155235676308724,1291.699951171875,1675.0,1610.0,3.522326827157407,11.217541236298478,35.43617675066963,True,False,False,False,True,70.33,25.0,100.0,84.77,50.76,100.0,75.0,Pre-Breakout Watch,Quality Power Electrical Equipments Limited,EQ,INE0SII01026,Quality Power Electrical Equipments Limited,Industrials,Electrical Equipment & Parts,104952233984.0,105135587328.0,10032220160.0,1333049984.0,17.26,40.7,69.99,401750016.0,2530749952.0,,,,,15.945,13.288,5.195,78.5168,33.297295,19.362766,,7.000000000000001,31.7,49.5,65.94,50,-1.7489999999999994,66.825,Actionable Watch,1648.80 or below,1648.8,1536.11,1874.17,1986.86,2.0,Strong
ANTELOPUS,ANTELOPUS.NS,2026-10-06,1125.0,1125.0,1090.0,1100.5999755859375,173427.0,1133.327490234375,957.4699975585937,887.0374969482422,723.8674972534179,1120.7870863179073,1096.603413816718,1001.1440853402806,53.25334086570849,76.06852452802771,6.9115506283316375,0.08246016549518,1290.9000244140625,357.0,52.044397595134704,-14.741656613919574,971.4000244140625,1290.9000244140625,1113.0666910807292,-5.324733282930105,0.13191567480954625,27.89494988067096,True,False,False,False,False,54.15,25.0,72.58,90.51,17.89,100.0,35.0,Momentum Watch,Antelopus Selan Energy Limited,EQ,INE818A01017,Antelopus Selan Energy Limited,Energy,Oil & Gas E&P,37194747904.0,36541526016.0,2788800000.0,896099968.0,37.48,,186.411,35500000.0,687900032.0,2.755,2.04,14.704999999999998,9.304,47.985,32.132,0.542,28.223055,,5.674558,,,65.3,158.9,89.6,50,-1.7489999999999994,66.58099999999999,Actionable Watch,1100.60 or below,1100.6,986.5,1328.81,1442.91,2.0,Strong
LXCHEM,LXCHEM.NS,2026-10-06,177.14999389648438,190.89999389648438,177.14999389648438,188.86000061035156,4352589.0,178.17399978637695,176.75720031738283,168.60099960327148,154.90239959716797,180.9256482603118,178.85086407060686,175.29638092893185,60.145999119714055,7.346336055112687,3.8898316379175255,3.3421395598263763,215.00999450683594,107.5999984741211,21.921933489405056,-12.16222248480313,165.11000061035156,189.0,179.2733357747396,7.0088927033698845,2.3520465192935047,13.272959545309494,True,False,True,False,True,74.15,25.0,65.32,95.71,100.0,100.0,75.0,Pre-Breakout Watch,Laxmi Organic Industries Limited,EQ,INE576O01020,Laxmi Organic Industries Limited,Basic Materials,Specialty Chemicals,46642421760.0,51004108800.0,31220750336.0,1256870016.0,4.55,7.6,71.644,5430249984.0,943280000.0,,,,,9.564,4.0260002,27.344,36.88571,22.082895,2.342555,,17.0,39.7,221.1,59.56,50,-1.7489999999999994,66.56500000000001,Actionable Watch,188.86 or below,188.86,177.84,210.9,221.92,2.0,Strong
