Open,High,Low,Close,Volume,Previous_Close,Daily_Return_Pct,SMA20,SMA50,SMA100,SMA200,EMA9,EMA20,EMA50,RSI14,ATR14,ATR_Percent,Average_Volume_20,Volume_Ratio,52W_High,52W_Low,Distance_From_52W_High_Pct,Distance_From_52W_Low_Pct,Distance_From_200DMA_Pct,Above_200DMA,Support,Resistance,Trend,Momentum,Breakout_Status,symbol,yahoo_symbol,company_name,fundamental_score,fundamental_status,sector_adjustment,sector_score,sector_index,technical_score,setup,market_adjustment,overall_score,risk_reward,setup_reasons,technical_rank,rank
22.229999542236328,23.950000762939453,22.06999969482422,23.479999542236328,234792571.0,22.299999237060547,5.291481370164042,22.53799991607666,22.918800048828125,22.875400047302247,21.86005003929138,22.628107024290582,22.610860024480466,22.76650184775195,60.94525675412156,0.4907142094203404,2.0899242716663307,59106615.9,3.97235685760179,25.780000686645508,17.200000762939453,-8.921648887312173,36.51161919032167,7.410548008962657,True,21.81999969482422,23.020000457763672,Uptrend,Strong Positive,Confirmed Breakout,YESBANK,YESBANK.NS,Yes Bank Limited,,Unavailable,0,60,,95.0,Strong Breakout Watch,-8,87.0,-0.2771079076843177,Price is in an uptrend | Strong positive momentum | Confirmed price breakout | Volume is more than 2x average | RSI supports positive momentum | Price is above 200 DMA,1,1
16.700000762939453,17.110000610351562,15.8100004196167,17.09000015258789,30391.0,16.299999237060547,4.846631610455265,15.636000061035157,15.550000038146973,15.839000053405762,15.167300014495849,15.954956793404552,15.699113910921286,15.677726540424764,59.90098783970908,0.8657144137791225,5.065619696018726,13206.3,2.301250160908052,21.299999237060547,10.65999984741211,-19.76525462567879,60.31895306956096,12.676614402395012,True,14.600000381469727,16.5,Strong Uptrend,Positive,Confirmed Breakout,ORTINGLOBE,ORTINGLOBE.NS,ORTIN GLOBAL LIMITED,,Unavailable,0,60,,94.0,Strong Breakout Watch,-8,86.0,-0.23694787422528318,Strong price trend | Positive momentum | Confirmed price breakout | Volume is more than 2x average | RSI supports positive momentum | Price is above 200 DMA,2,2
1745.0,1840.0,1726.800048828125,1807.5,9269434.0,1739.0,3.9390454284071286,1658.5049987792968,1482.93,1299.0995007324218,1243.6140002441407,1709.898100672839,1651.0619400660223,1509.3681288749394,66.01569914954028,63.142857142857146,3.493380754791543,4232476.7,2.1900732495467725,1840.0,930.5999755859375,-1.766304347826087,94.22953443147645,45.34252586776602,True,1546.300048828125,1758.9000244140625,Strong Uptrend,Strong Positive,Confirmed Breakout,PAYTM,PAYTM.NS,One 97 Communications Limited,,Unavailable,0,60,,94.0,Strong Breakout Watch,-8,86.0,-0.18606425984343966,Strong price trend | Strong positive momentum | Confirmed price breakout | Volume is more than 2x average | RSI supports positive momentum | Price is above 200 DMA | Price is near 52-week high,2,2
19.90999984741211,21.0,19.200000762939453,20.799999237060547,34488169.0,19.760000228881836,5.263152814434768,17.669999885559083,14.805399990081787,12.777900009155273,11.379349973201752,18.878793237318355,17.643199809841633,15.4413987265967,63.860104331017006,1.2942859104701452,6.222528643962842,12303356.25,2.803151294590856,21.0,6.610000133514404,-0.9523845854259673,214.6747173513536,82.78723552790207,True,13.399999618530273,20.280000686645508,Strong Uptrend,Strong Positive,Confirmed Breakout,SUBEXLTD,SUBEXLTD.NS,Subex Limited,,Unavailable,0,60,,94.0,Strong Breakout Watch,-8,86.0,-0.07027007800283061,Strong price trend | Strong positive momentum | Confirmed price breakout | Volume is more than 2x average | RSI supports positive momentum | Price is above 200 DMA | Price is near 52-week high,2,2
2195.0,2319.0,2164.60009765625,2277.89990234375,2231415.0,2211.800048828125,2.988509451866883,2047.4449951171875,2032.685986328125,1835.87,1548.8180004882813,2113.735354345975,2062.621187199891,1991.750121758362,69.97690213776362,89.02143205915179,3.9080484602311496,847596.05,2.6326396872661215,2319.0,1033.0,-1.7723198644351013,120.51305927819458,47.0734393340998,True,1876.4000244140625,2224.300048828125,Strong Uptrend,Strong Positive,Confirmed Breakout,WABAG,WABAG.NS,VA Tech Wabag Limited,,Unavailable,0,60,,94.0,Strong Breakout Watch,-8,86.0,-0.13349905308068774,Strong price trend | Strong positive momentum | Confirmed price breakout | Volume is more than 2x average | RSI supports positive momentum | Price is above 200 DMA | Price is near 52-week high,2,2
853.0,899.0,841.5,890.3499755859375,1308518.0,855.1500244140625,4.116231090093647,830.7425109863282,770.2320056152344,639.7655038452149,561.6462518310547,855.057715765249,834.8914343271267,769.5698681292912,67.71451325663335,36.178575788225444,4.063410656513625,779703.3,1.6782255506677988,926.0,399.79998779296875,-3.849894645147138,122.69885011777282,58.525045379232445,True,770.0999755859375,888.2999877929688,Strong Uptrend,Strong Positive,Confirmed Breakout,BLUESTONE,BLUESTONE.NS,BlueStone Jewellery and Lifestyle Limited,,Unavailable,0,60,,92.0,Strong Breakout Watch,-8,84.0,-0.017047715534043658,Strong price trend | Strong positive momentum | Confirmed price breakout | Strong volume confirmation | RSI supports positive momentum | Price is above 200 DMA,6,6
15.350000381469727,16.399999618530273,15.0,16.290000915527344,42406012.0,15.359999656677246,6.054695830971646,15.29700002670288,16.26859998703003,15.311099996566773,15.778249988555908,15.567109056706336,15.584754524294393,15.745845745252526,69.02356696938034,0.5614287512642997,3.4464623677777433,11742551.9,3.611311439040776,20.5,12.920000076293945,-20.536580899866618,26.08359767285753,3.2433947195830517,True,14.84000015258789,16.25,Uptrend,Positive,Confirmed Breakout,CCAVENUE,CCAVENUE.NS,AvenuesAI Limited,,Unavailable,0,60,,92.0,Strong Breakout Watch,-8,84.0,-0.02758682377949483,Price is in an uptrend | Positive momentum | Confirmed price breakout | Volume is more than 2x average | RSI supports positive momentum | Price is above 200 DMA,6,6
8.220000267028809,9.420000076293945,8.220000267028809,8.770000457763672,392962.0,8.569999694824219,2.3337312725955073,8.250000023841858,7.9480000019073485,7.636599993705749,7.6846999835968015,8.37998681814722,8.245270729996694,7.988393020115381,68.0555647537998,0.5107141562870571,5.823422230667568,130533.8,3.010423353951237,12.699999809265137,4.75,-30.94487724822153,84.63158858449835,14.122873716390663,True,7.75,8.850000381469727,Strong Uptrend,Strong Positive,Near Breakout,VAISHALI,VAISHALI.NS,Vaishali Pharma Limited,,Unavailable,0,60,,89.0,Momentum Watch,-5,84.0,0.07843126255203133,Strong price trend | Strong positive momentum | Price is close to resistance | Volume is more than 2x average | RSI supports positive momentum | Price is above 200 DMA,13,6
8660.0,8900.0,8461.0,8812.5,28678.0,8669.5,1.6494607532153038,8223.25,8049.23,7633.06,7415.25,8410.95802205382,8269.901666214662,8042.886923468023,63.43283582089552,314.4642857142857,3.56838905775076,13988.55,2.0501052646628852,9950.0,5841.5,-11.4321608040201,50.86022425746811,18.84292505310003,True,7888.0,8939.0,Strong Uptrend,Strong Positive,Near Breakout,WENDT,WENDT.NS,Wendt (India) Limited,,Unavailable,0,60,,89.0,Momentum Watch,-5,84.0,0.1368307193077339,Strong price trend | Strong positive momentum | Price is close to resistance | Volume is more than 2x average | RSI supports positive momentum | Price is above 200 DMA,13,6
431.0,511.79998779296875,428.20001220703125,478.5,10362562.0,435.79998779296875,9.798075585838784,411.1374984741211,395.68000061035156,371.2825,336.4334999084473,436.95887574026113,418.3872240839383,397.8318250913918,59.324570975355,26.189285278320312,5.47320486485273,2767523.6,3.7443445830055433,511.79998779296875,248.5500030517578,-6.50644560125295,92.5165938945322,42.22721581834534,True,334.45001220703125,464.79998779296875,Strong Uptrend,Positive,Confirmed Breakout,QUADFUTURE,QUADFUTURE.NS,Quadrant Future Tek Limited,,Unavailable,0,60,,91.0,Strong Breakout Watch,-8,83.0,-0.09510595881980327,Strong price trend | Positive momentum | Confirmed price breakout | Volume is more than 2x average | RSI supports positive momentum | Price is above 200 DMA,8,10
132.5,137.3300018310547,131.27000427246094,135.4600067138672,6244729.0,131.86000061035156,2.730172976529621,123.19600067138671,129.7838005065918,126.9423999786377,126.69904979705811,127.55688082515886,126.13194265359628,127.32396695880314,76.70086698413748,3.8842855181012834,2.8674777244814984,1529790.25,4.082081840958262,152.60000610351562,89.73999786376953,-11.231978180932433,50.94719181908523,6.914777128038496,True,117.37999725341797,133.9600067138672,Uptrend,Strong Positive,Confirmed Breakout,JAMNAAUTO,JAMNAAUTO.NS,Jamna Auto Industries Limited,,Unavailable,0,60,,90.0,Strong Breakout Watch,-8,82.0,-0.08296455835829694,Price is in an uptrend | Strong positive momentum | Confirmed price breakout | Volume is more than 2x average | RSI indicates overbought conditions | Price is above 200 DMA,9,11
194.4199981689453,220.22000122070312,193.2100067138672,209.6999969482422,18106631.0,194.67999267578125,7.715227469458119,194.7275016784668,202.7738003540039,202.0400003051758,205.7530004119873,196.64999687253882,196.48258366399713,199.22725441976976,67.66860546198839,6.896427699497768,3.2887113971679898,1499999.95,12.071087735702925,324.75,151.4600067138672,-35.427252671826885,38.45238852022494,1.9183178511864518,True,184.05999755859375,207.8000030517578,Sideways,Strong Positive,Confirmed Breakout,MOBIKWIK,MOBIKWIK.NS,One Mobikwik Systems Limited,,Unavailable,0,60,,90.0,Strong Breakout Watch,-8,82.0,-0.07410272783592398,Strong positive momentum | Confirmed price breakout | Volume is more than 2x average | RSI supports positive momentum | Price is above 200 DMA | Price is near 200 DMA,9,11
125.5,137.1199951171875,125.37000274658203,136.10000610351562,41161986.0,126.7300033569336,7.393673556680591,122.87200012207032,128.27039947509766,120.33819953918457,116.14624961853028,126.6909811147472,124.75533038358193,124.0262232311066,65.96859797691175,5.664999825613839,4.162380287701916,21789036.55,1.889114551051593,,,,,17.179854322047667,True,112.38999938964844,130.6999969482422,Uptrend,Strong Positive,Confirmed Breakout,PWL,PWL.NS,Physicswallah Limited,,Unavailable,0,60,,90.0,Strong Breakout Watch,-8,82.0,-0.22775232501790704,Price is in an uptrend | Strong positive momentum | Confirmed price breakout | Strong volume confirmation | RSI supports positive momentum | Price is above 200 DMA,9,11
57.959999084472656,69.33000183105469,54.619998931884766,66.81999969482422,2056842.0,57.779998779296875,15.645554009195406,57.52799987792969,60.20959976196289,62.903800086975096,64.54072505950927,58.2775877672018,58.19028664656456,60.00127431754437,68.02812327232328,4.505714961460659,6.743063427175779,143265.9,14.35681484568205,92.5,43.70000076293945,-27.762162492081927,52.90617512183681,3.5315293300677375,True,51.349998474121094,63.75,Sideways,Strong Positive,Confirmed Breakout,VGL,VGL.NS,VARVEE GLOBAL LIMITED,,Unavailable,0,60,,90.0,Strong Breakout Watch,-8,82.0,-0.19844857482724132,Strong positive momentum | Confirmed price breakout | Volume is more than 2x average | RSI supports positive momentum | Price is above 200 DMA,9,11
3164.5,3172.0,3143.10009765625,3155.10009765625,31176.0,3179.699951171875,-0.7736532972728694,3139.139990234375,3066.9139990234376,3068.7830053710936,3066.6345068359374,3160.4865575203885,3136.492261956289,3101.070097803015,61.22450828372259,57.614222935267854,1.8260664052486413,18084.9,1.723869084153078,3745.0,2667.0,-15.751666284212282,18.301465978862016,2.884777779129238,True,3066.699951171875,3214.0,Strong Uptrend,Positive,Near Breakout,JSWDULUX,JSWDULUX.NS,JSW Dulux Limited,,Unavailable,0,60,,87.0,Momentum Watch,-5,82.0,0.6662873839712555,Strong price trend | Positive momentum | Price is close to resistance | Strong volume confirmation | RSI supports positive momentum | Price is above 200 DMA | Price is near 200 DMA,24,11
946.2999877929688,948.5,915.0999755859375,943.75,86523.0,946.25,-0.26420079260237594,901.3025024414062,884.6720007324219,866.6709979248047,875.894997253418,909.87631741082,900.2063491408927,885.8171531801634,59.31329020254556,27.310721261160715,2.893851259460738,55328.15,1.5638151646133116,1189.9000244140625,700.0,-20.686613947694735,34.82142857142857,7.746933474829509,True,865.0,959.0,Strong Uptrend,Positive,Near Breakout,SHARDAMOTR,SHARDAMOTR.NS,Sharda Motor Industries Limited,,Unavailable,0,60,,87.0,Momentum Watch,-5,82.0,0.19365079365079366,Strong price trend | Positive momentum | Price is close to resistance | Strong volume confirmation | RSI supports positive momentum | Price is above 200 DMA,24,11
56.31999969482422,65.19999694824219,55.5099983215332,64.02999877929688,484603.0,56.040000915527344,14.2576690457471,55.87449989318848,50.81599990844727,48.51569995880127,46.49834999084473,58.62481538678511,56.252313352013786,52.383751916861804,72.890244632694,4.073571613856724,6.361973592874487,66101.35,7.33121184363103,68.06999969482422,33.77000045776367,-5.9350682145434615,89.60615312806866,37.70380839729589,True,50.79999923706055,62.88999938964844,Strong Uptrend,Strong Positive,Confirmed Breakout,AMDIND,AMDIND.NS,AMD Industries Limited,,Unavailable,0,60,,89.0,Strong Breakout Watch,-8,81.0,-0.08616775730105113,Strong price trend | Strong positive momentum | Confirmed price breakout | Volume is more than 2x average | RSI indicates overbought conditions | Price is above 200 DMA,13,17
367.0,393.3500061035156,362.25,392.3500061035156,996485.0,374.6499938964844,4.724412784034837,313.09849853515624,251.79140014648436,219.21690032958983,177.4087001800537,352.6155427663136,320.56537119518237,272.06472501764756,77.54081273175639,18.714283534458705,4.769793103946384,294394.65,3.384861103963676,393.3500061035156,104.0,-0.2542265118808301,277.2596212533804,121.15601191222079,True,261.0,376.54998779296875,Strong Uptrend,Strong Positive,Confirmed Breakout,BIRLACABLE,BIRLACABLE.NS,Birla Cable Limited,,Unavailable,0,60,,89.0,Strong Breakout Watch,-8,81.0,-0.1202894372010538,Strong price trend | Strong positive momentum | Confirmed price breakout | Volume is more than 2x average | RSI indicates overbought conditions | Price is above 200 DMA | Price is near 52-week high,13,17
373.0,384.0,366.1000061035156,380.20001220703125,1713956.0,373.5,1.7938453030873491,330.2124984741211,303.40399993896483,287.8768006896973,280.756900100708,346.5588638285342,331.4698775080063,310.2117420568693,74.17763789439763,16.932141985212052,4.453482756857975,774426.6,2.2131936067278684,559.7999877929688,175.0,-32.08288308365578,117.25714983258928,35.419650263503,True,308.3500061035156,378.6000061035156,Strong Uptrend,Strong Positive,Confirmed Breakout,ELLEN,ELLEN.NS,Ellenbarrie Industrial Gases Limited,,Unavailable,0,60,,89.0,Strong Breakout Watch,-8,81.0,-0.022268698226837542,Strong price trend | Strong positive momentum | Confirmed price breakout | Volume is more than 2x average | RSI indicates overbought conditions | Price is above 200 DMA,13,17
25.299999237060547,26.040000915527344,24.5,26.030000686645508,2686464.0,24.799999237060547,4.9596834170336335,22.276500034332276,21.248200035095216,20.665100040435792,16.846399993896483,23.461079819068456,22.452039803903897,21.50181985995511,74.62515201593814,1.2285714830671037,4.719828853855593,1018187.0,2.638478000603033,26.040000915527344,8.460000038146973,-0.03840333536959639,207.68322185902684,54.51372813227917,True,20.15999984741211,24.81999969482422,Strong Uptrend,Strong Positive,Confirmed Breakout,GAYAPROJ,GAYAPROJ.NS,Gayatri Projects Limited,,Unavailable,0,60,,89.0,Strong Breakout Watch,-8,81.0,-0.20613301853962102,Strong price trend | Strong positive momentum | Confirmed price breakout | Volume is more than 2x average | RSI indicates overbought conditions | Price is above 200 DMA | Price is near 52-week high,13,17
895.9500122070312,914.8499755859375,881.25,909.2999877929688,7851231.0,899.25,1.1175966408639049,855.3824981689453,858.7089978027344,809.0344989013672,700.7679992675781,877.7564241414095,863.3788491395584,844.0907868252835,66.10978754955465,26.02500261579241,2.862092044998227,1241126.85,6.325889251368625,914.8499755859375,510.54998779296875,-0.6066555108572996,78.10204867964772,29.75763572870651,True,816.0,905.8499755859375,Uptrend,Strong Positive,Confirmed Breakout,GRANULES,GRANULES.NS,Granules India Limited,,Unavailable,0,60,,89.0,Strong Breakout Watch,-8,81.0,-0.036977627635780344,Price is in an uptrend | Strong positive momentum | Confirmed price breakout | Volume is more than 2x average | RSI supports positive momentum | Price is above 200 DMA | Price is near 52-week high,13,17
720.9500122070312,738.0,707.25,728.9000244140625,1045480.0,718.9500122070312,1.3839643978149185,652.4875030517578,612.9759973144531,621.522998046875,590.0922482299804,685.8495874427737,659.2320491101968,631.3723168843941,78.05745149538865,25.160714285714285,3.451874529149606,435022.8,2.403276334022033,738.0,500.70001220703125,-1.2330590224847562,45.576194656187525,23.523063826112764,True,606.4000244140625,724.0,Strong Uptrend,Strong Positive,Confirmed Breakout,MAHSEAMLES,MAHSEAMLES.NS,Maharashtra Seamless Limited,,Unavailable,0,60,,89.0,Strong Breakout Watch,-8,81.0,-0.04000019929846939,Strong price trend | Strong positive momentum | Confirmed price breakout | Volume is more than 2x average | RSI indicates overbought conditions | Price is above 200 DMA | Price is near 52-week high,13,17
1586.0,1856.0,1551.0,1756.699951171875,1142834.0,1588.199951171875,10.60949535199709,1527.3999938964844,1415.3059985351563,1357.8590026855468,1270.6015002441407,1602.819060987977,1540.7922273791748,1452.4353819518371,76.27484069931405,89.13573346819196,5.07404428449665,107700.25,10.611247420502737,1856.0,890.0,-5.350218148067079,97.38201698560394,38.25734904565535,True,1337.0,1669.9000244140625,Strong Uptrend,Strong Positive,Confirmed Breakout,RACLGEAR,RACLGEAR.NS,RACL Geartech Limited,,Unavailable,0,60,,89.0,Strong Breakout Watch,-8,81.0,-0.2068142407819016,Strong price trend | Strong positive momentum | Confirmed price breakout | Volume is more than 2x average | RSI indicates overbought conditions | Price is above 200 DMA,13,17
11463.0,12300.0,11250.0,12097.0,62178.0,11543.0,4.799445551416448,11612.85,11015.02,10945.59,10198.3275,11679.916570096302,11524.555032286036,11178.284001399972,59.860078705728036,413.2142857142857,3.415840999539437,17162.85,3.6228248804831367,12875.0,6621.5,-6.042718446601942,82.6927433361021,18.617488995131808,True,10612.0,12213.0,Strong Uptrend,Positive,Near Breakout,DYNAMATECH,DYNAMATECH.NS,Dynamatic Technologies Limited,,Unavailable,0,60,,86.0,Momentum Watch,-5,81.0,0.07811447811447811,Strong price trend | Positive momentum | Price is close to resistance | Volume is more than 2x average | RSI supports positive momentum | Price is above 200 DMA,30,17
1406.4000244140625,1498.0,1340.0999755859375,1424.0,3358636.0,1418.4000244140625,0.3948093266743058,1292.3649963378907,1146.6610009765625,1110.626000366211,958.983501586914,1327.7811382778693,1276.5935539502034,1191.538737288556,62.804635457457586,66.24288504464286,4.6518879947080665,1225988.9,2.7395321442143565,1498.0,700.7999877929688,-4.939919893190922,103.19635057138157,48.49056293915197,True,1186.5,1429.0,Strong Uptrend,Strong Positive,Near Breakout,FINCABLES,FINCABLES.NS,Finolex Cables Limited,,Unavailable,0,60,,86.0,Momentum Watch,-5,81.0,0.021052631578947368,Strong price trend | Strong positive momentum | Price is close to resistance | Volume is more than 2x average | RSI supports positive momentum | Price is above 200 DMA,30,17
518.2999877929688,519.0,498.20001220703125,514.6500244140625,700202.0,515.9500122070312,-0.251960027563114,477.7250015258789,448.4090008544922,411.5989010620117,339.40845016479494,487.98361926718195,475.79718138599713,451.5887923519305,62.39882492748989,18.553573608398438,3.6050855393472454,440852.2,1.5882919490931426,519.0,212.5500030517578,-0.8381455849590559,142.1312712419678,51.631470626079434,True,441.20001220703125,518.0,Strong Uptrend,Strong Positive,Near Breakout,NRBBEARING,NRBBEARING.NS,NRB Bearing Limited,,Unavailable,0,60,,84.0,52W High Watch,-3,81.0,0.04560891802842767,Strong price trend | Strong positive momentum | Price is close to resistance | Strong volume confirmation | RSI supports positive momentum | Price is above 200 DMA | Price is near 52-week high,41,17
76.0,90.9000015258789,74.2699966430664,87.41000366210938,38898608.0,76.25,14.636070376536892,79.23200035095215,75.23359977722168,61.5614998626709,53.80369995117187,78.75529867101814,78.27157448393224,73.64033490302586,54.59267419650467,4.800000326974051,5.4913626883358235,4175245.2,9.31648469412048,90.9000015258789,36.2599983215332,-3.839381523856126,141.06455518008244,62.46095294828425,True,70.73999786376953,87.2699966430664,Strong Uptrend,Positive,Confirmed Breakout,FILATEX,FILATEX.NS,Filatex India Limited,,Unavailable,0,60,,88.0,Strong Breakout Watch,-8,80.0,-0.008398738472959138,Strong price trend | Positive momentum | Confirmed price breakout | Volume is more than 2x average | RSI supports positive momentum | Price is above 200 DMA,22,27
760.0,812.7999877929688,743.0499877929688,804.9000244140625,4284956.0,762.75,5.526060231276642,757.5349975585938,656.758994140625,636.3507482910156,517.2344982910156,761.7559380815349,740.304252556464,686.9536979892773,54.46686797716371,36.65714372907366,4.554248057795589,2119138.45,2.022027395142587,812.7999877929688,262.6000061035156,-0.9719443279468255,206.51180719956832,55.616074928009816,True,717.2000122070312,798.8499755859375,Strong Uptrend,Positive,Confirmed Breakout,TDPOWERSYS,TDPOWERSYS.NS,TD Power Systems Limited,,Unavailable,0,60,,88.0,Strong Breakout Watch,-8,80.0,-0.06898572389981884,Strong price trend | Positive momentum | Confirmed price breakout | Volume is more than 2x average | RSI supports positive momentum | Price is above 200 DMA | Price is near 52-week high,22,27
1086.0,1116.9000244140625,1067.0999755859375,1109.9000244140625,578949.0,1088.5,1.9660105111678927,1034.610009765625,1054.3239978027343,1065.4574993896485,961.5510009765625,1064.065011978245,1047.8129584297526,1048.9879360971954,72.11327799836707,34.992885044642854,3.1527961325270053,216925.0,2.6688901694133915,1224.9000244140625,708.0,-9.388521324833093,56.76554017147776,15.42809723944284,True,990.2999877929688,1098.9000244140625,Uptrend,Strong Positive,Confirmed Breakout,ABSLAMC,ABSLAMC.NS,Aditya Birla Sun Life AMC Limited,,Unavailable,0,60,,87.0,Strong Breakout Watch,-8,79.0,-0.09197321598528624,Price is in an uptrend | Strong positive momentum | Confirmed price breakout | Volume is more than 2x average | RSI indicates overbought conditions | Price is above 200 DMA,24,29
342.6499938964844,348.20001220703125,332.8999938964844,346.0,3747104.0,342.6499938964844,0.9776758100651373,326.9800033569336,327.92900146484374,315.885500793457,263.32985038757323,333.0836685431187,329.05303166043717,324.81495320763514,68.28193832599119,10.328574044363839,2.9851370070415717,1942597.95,1.928913803291103,,,,,31.394142931669723,True,314.3500061035156,344.8999938964844,Uptrend,Strong Positive,Confirmed Breakout,EMMVEE,EMMVEE.NS,Emmvee Photovoltaic Power Limited,,Unavailable,0,60,,87.0,Strong Breakout Watch,-8,79.0,-0.03475533382765713,Price is in an uptrend | Strong positive momentum | Confirmed price breakout | Strong volume confirmation | RSI supports positive momentum | Price is above 200 DMA,24,29
396.0,425.0,389.0,417.3999938964844,3638335.0,398.04998779296875,4.861200024349666,376.77999725341795,353.53099731445315,344.5339990234375,365.7012498474121,387.78899839621505,376.9224895480016,360.6426911182166,64.30527897963552,16.064285278320312,3.8486548905662588,805736.35,4.515540350140589,540.0,292.54998779296875,-22.703704833984375,42.67646942848934,14.136879234250207,True,349.29998779296875,403.5,Sideways,Strong Positive,Confirmed Breakout,HERITGFOOD,HERITGFOOD.NS,Heritage Foods Limited,,Unavailable,0,60,,87.0,Strong Breakout Watch,-8,79.0,-0.20411149266793965,Strong positive momentum | Confirmed price breakout | Volume is more than 2x average | RSI supports positive momentum | Price is above 200 DMA,24,29
1690.0,1795.0,1676.199951171875,1787.199951171875,254979.0,1706.699951171875,4.716704886803691,1611.5049926757813,1546.6959912109376,1520.1829968261718,1471.4754986572266,1690.789820334797,1637.0176019231687,1569.7036490576616,78.00239595985363,67.10716901506696,3.7548775094283373,131176.35,1.943787885544917,1800.0,1165.0,-0.7111138237847222,53.40772113063304,21.456317336086002,True,1499.0,1747.4000244140625,Strong Uptrend,Strong Positive,Confirmed Breakout,VENKEYS,VENKEYS.NS,Venky's (India) Limited,,Unavailable,0,60,,87.0,Strong Breakout Watch,-8,79.0,-0.13809831193925795,Strong price trend | Strong positive momentum | Confirmed price breakout | Strong volume confirmation | RSI indicates overbought conditions | Price is above 200 DMA | Price is near 52-week high,24,29
525.75,556.8499755859375,521.0,551.0499877929688,1960216.0,530.6500244140625,3.844334766861013,528.7574951171875,541.1689990234376,505.76499938964844,490.6472512817383,533.5589370854132,532.6396392404608,527.5271716686888,61.40151644760266,19.17142813546317,3.47907241813894,598476.65,3.275342488299251,666.0,338.1499938964844,-17.259761592647337,62.96022408377095,12.310827453621283,True,489.5,555.0,Uptrend,Strong Positive,Near Breakout,FIVESTAR,FIVESTAR.NS,Five-Star Business Finance Limited,,Unavailable,0,60,,84.0,Momentum Watch,-5,79.0,0.06417567815476456,Price is in an uptrend | Strong positive momentum | Price is close to resistance | Volume is more than 2x average | RSI supports positive momentum | Price is above 200 DMA,41,29
367.8500061035156,404.3500061035156,363.0,404.3500061035156,870661.0,367.6000061035156,9.997279485803713,326.99000244140626,379.3400018310547,365.4210009765625,369.38224990844725,352.7876277506357,347.507902875248,360.7269500807121,88.81310610154597,15.350003923688616,3.7962170624424174,343863.05,2.5319992944865697,661.9500122070312,250.0,-38.915326135374215,61.74000244140625,9.4665502210069,True,303.5,396.6000061035156,Uptrend,Strong Positive,Confirmed Breakout,HLEGLAS,HLEGLAS.NS,HLE Glascoat Limited,,Unavailable,0,60,,86.0,Strong Breakout Watch,-8,78.0,-0.07684679753063332,Price is in an uptrend | Strong positive momentum | Confirmed price breakout | Volume is more than 2x average | RSI indicates overbought conditions | Price is above 200 DMA,30,34
232.02999877929688,239.8000030517578,222.83999633789062,239.07000732421875,2135648.0,231.5399932861328,3.252144016770564,212.5780014038086,203.0944009399414,196.8363003540039,193.24550025939942,220.75343532115906,214.3502841536207,205.9145931895171,76.43997435056383,9.304285321916852,3.8918664143840895,883570.75,2.4170650737363135,240.8000030517578,150.52000427246094,-0.7184367548231365,58.8293918006212,23.7131043172067,True,197.0,240.8000030517578,Strong Uptrend,Strong Positive,Near Breakout,KROSS,KROSS.NS,Kross Limited,,Unavailable,0,60,,81.0,52W High Watch,-3,78.0,0.04112183090928875,Strong price trend | Strong positive momentum | Price is close to resistance | Volume is more than 2x average | RSI indicates overbought conditions | Price is above 200 DMA | Price is near 52-week high,45,34
17.729999542236328,20.0,17.540000915527344,19.56999969482422,150749037.0,17.540000915527344,11.57353861652204,15.60450005531311,15.216200008392335,14.838100004196168,13.974454984664916,16.741060455006792,15.956355421172308,15.360971100760363,83.71334295705454,0.8635715757097516,4.41273167693582,12998039.95,11.597828409505697,20.0,10.199999809265137,-2.1500015258789062,91.86274569385652,40.04123750299858,True,14.100000381469727,18.0,Strong Uptrend,Strong Positive,Confirmed Breakout,AHCL,AHCL.NS,Anlon Healthcare Limited,,Unavailable,0,60,,85.0,Strong Breakout Watch,-8,77.0,-0.28702008992783806,Strong price trend | Strong positive momentum | Confirmed price breakout | Volume is more than 2x average | RSI indicates overbought conditions | Price is above 200 DMA | Price is near 52-week high,33,38
64.5,73.19000244140625,61.84000015258789,68.41999816894531,1282661.0,61.84000015258789,10.640358991140886,52.325,48.34000015258789,47.10939998626709,46.72754991531372,56.024558042295986,52.92333747559034,49.8083379582373,83.29365240353205,3.6307144165039062,5.30651054321692,108627.3,11.807906483913344,73.19000244140625,36.029998779296875,-6.517289402032281,89.89730915078462,46.423252006462384,True,47.369998931884766,61.84000015258789,Strong Uptrend,Strong Positive,Confirmed Breakout,DIGJAMLMTD,DIGJAMLMTD.NS,Digjam Limited,,Unavailable,0,60,,85.0,Strong Breakout Watch,-8,77.0,-0.31258899072892615,Strong price trend | Strong positive momentum | Confirmed price breakout | Volume is more than 2x average | RSI indicates overbought conditions | Price is above 200 DMA,33,38
171.0,206.3800048828125,170.9600067138672,202.1699981689453,276696049.0,173.1699981689453,16.746549810381993,165.68150100708007,157.59340057373046,159.61630050659178,183.83519996643065,174.62877874932425,167.89803469742407,162.06830793254784,76.75338863645594,9.49142565046038,4.694774564190666,32836037.4,8.426596840214344,,,,,9.973497026610083,True,155.10000610351562,176.6999969482422,Sideways,Strong Positive,Confirmed Breakout,PINELABS,PINELABS.NS,Pine Labs Limited,,Unavailable,0,60,,85.0,Strong Breakout Watch,-8,77.0,-0.5411091037639973,Strong positive momentum | Confirmed price breakout | Volume is more than 2x average | RSI indicates overbought conditions | Price is above 200 DMA,33,38
853.8499755859375,1024.5,835.0499877929688,1002.7999877929688,16245056.0,853.8499755859375,17.444517944129156,695.7974975585937,644.2329968261719,587.8264984130859,496.88800003051756,805.9068546404013,729.2174817078741,657.9695633891705,82.65092360615722,53.167872837611604,5.301941911130964,3259520.55,4.983878994105437,1024.5,320.0,-2.118107584873719,213.37499618530273,101.81610095864247,True,611.0,869.0,Strong Uptrend,Strong Positive,Confirmed Breakout,RAYMOND,RAYMOND.NS,Raymond Limited,,Unavailable,0,60,,85.0,Strong Breakout Watch,-8,77.0,-0.34150074518039564,Strong price trend | Strong positive momentum | Confirmed price breakout | Volume is more than 2x average | RSI indicates overbought conditions | Price is above 200 DMA | Price is near 52-week high,33,38
468.1499938964844,468.1499938964844,443.0,468.1499938964844,2933978.0,445.8999938964844,4.989908119434805,363.0925018310547,313.6170001220703,239.02099990844727,186.3643997192383,413.6108795709933,375.6118771050868,318.9293348966037,85.28079628769122,21.364288330078125,4.563556255177933,1425162.5,2.058697166112636,468.1499938964844,104.55999755859375,0.0,347.73336345397354,151.201406814693,True,292.1499938964844,445.8999938964844,Strong Uptrend,Strong Positive,Confirmed Breakout,SETL,SETL.NS,Standard Engineering Technology Limited,,Unavailable,0,60,,85.0,Strong Breakout Watch,-8,77.0,-0.12642045454545456,Strong price trend | Strong positive momentum | Confirmed price breakout | Volume is more than 2x average | RSI indicates overbought conditions | Price is above 200 DMA | Price is near 52-week high,33,38
2970.0,3022.5,2752.0,3022.5,47215.0,2878.60009765625,4.998954264641098,2310.9550170898438,2251.3340161132815,1875.3390063476563,1570.6,2590.507522035552,2420.2661350925855,2227.123717319627,92.17156285485734,138.78571428571428,4.591752333687817,10351.1,4.561350967530021,3022.5,1050.0,0.0,187.85714285714286,92.44237870877373,True,2050.0,2878.60009765625,Strong Uptrend,Strong Positive,Confirmed Breakout,SPECTRUM,SPECTRUM.NS,Spectrum Electrical Industries Limited,,Unavailable,0,60,,85.0,Strong Breakout Watch,-8,77.0,-0.14796905125321336,Strong price trend | Strong positive momentum | Confirmed price breakout | Volume is more than 2x average | RSI indicates overbought conditions | Price is above 200 DMA | Price is near 52-week high,33,38
36.0,36.599998474121094,35.56999969482422,36.599998474121094,5579818.0,34.86000061035156,4.991387932600455,28.172000122070312,26.26219997406006,26.97650001525879,24.159450035095215,31.831096221532405,29.348149615333835,27.40213096404273,88.39971956238938,1.4307141985212053,3.9090553501875855,2650478.9,2.105211250691337,36.599998474121094,15.75,0.0,132.38094269283235,51.49350842404989,True,24.600000381469727,34.86000061035156,Strong Uptrend,Strong Positive,Confirmed Breakout,STLNETWORK,STLNETWORK.NS,STL Networks Limited,,Unavailable,0,60,,85.0,Strong Breakout Watch,-8,77.0,-0.14499984502789895,Strong price trend | Strong positive momentum | Confirmed price breakout | Volume is more than 2x average | RSI indicates overbought conditions | Price is above 200 DMA | Price is near 52-week high,33,38
364.0,396.29998779296875,358.6000061035156,396.29998779296875,133752.0,377.45001220703125,4.9940323158867095,317.1599975585938,294.57299865722655,290.33070098876954,270.87595039367676,345.61714014116836,324.14120708803006,304.09542214424573,82.9577237163173,17.524998256138392,4.422154629309158,58619.45,2.2817000159503373,397.0,195.0,-0.1763254929549748,103.2307629707532,46.30312776642125,True,284.45001220703125,377.45001220703125,Strong Uptrend,Strong Positive,Confirmed Breakout,VALIANTORG,VALIANTORG.NS,Valiant Organics Limited,,Unavailable,0,60,,85.0,Strong Breakout Watch,-8,77.0,-0.16852909879675862,Strong price trend | Strong positive momentum | Confirmed price breakout | Volume is more than 2x average | RSI indicates overbought conditions | Price is above 200 DMA | Price is near 52-week high,33,38
219.5,230.5399932861328,215.0500030517578,230.3000030517578,20834.0,219.57000732421875,4.886822138551494,219.44200057983397,211.04779998779296,185.64600006103515,155.95580032348633,217.4802053124224,216.99050151834206,207.9613247400918,53.4435737409997,11.547855922154017,5.014266508523989,5688.65,3.662380353862516,233.0,103.5,-1.1587969734945012,122.51208024324427,47.67004662479074,True,203.61000061035156,233.0,Strong Uptrend,Positive,Near Breakout,SMARTLINK,SMARTLINK.NS,Smartlink Holdings Limited,,Unavailable,0,60,,80.0,52W High Watch,-3,77.0,0.10116136010738894,Strong price trend | Positive momentum | Price is close to resistance | Volume is more than 2x average | RSI supports positive momentum | Price is above 200 DMA | Price is near 52-week high,54,38
880.0,945.0,861.2999877929688,908.9000244140625,1336886.0,886.3499755859375,2.544147283720277,808.8749969482421,784.2150012207031,728.5800036621093,692.523752746582,856.5111347136668,828.9472494318026,787.4001818359652,72.45545037902228,40.84285627092634,4.4936577372474344,436135.0,3.065303174475793,967.4000244140625,467.0,-6.047136502341153,94.62527289380354,31.24459930931206,True,739.0999755859375,912.0,Strong Uptrend,Strong Positive,Near Breakout,63MOONS,63MOONS.NS,63 moons technologies limited,,Unavailable,0,60,,81.0,Momentum Watch,-5,76.0,0.018256623642525317,Strong price trend | Strong positive momentum | Price is close to resistance | Volume is more than 2x average | RSI indicates overbought conditions | Price is above 200 DMA,45,48
12.010000228881836,12.010000228881836,12.0,12.010000228881836,964628.0,11.779999732971191,1.9524660536866856,11.42800006866455,11.577200031280517,11.61620002746582,10.4832000041008,11.506220995361488,11.520509814482049,11.564978444193676,60.49382231533075,0.2014286858694894,1.677174704668952,259047.4,3.7237509428776354,14.260000228881836,4.550000190734863,-15.778400868766523,163.95603792144283,14.564257327760465,True,10.890000343322754,12.180000305175781,Uptrend,Positive,Near Breakout,KESORAMIND,KESORAMIND.NS,Kesoram Industries Limited,,Unavailable,0,60,,81.0,Momentum Watch,-5,76.0,0.1517857979146887,Price is in an uptrend | Positive momentum | Price is close to resistance | Volume is more than 2x average | RSI supports positive momentum | Price is above 200 DMA,45,48
3575.0,4055.0,3562.300048828125,3828.300048828125,639315.0,3576.800048828125,7.031424641206874,3719.3950073242186,3819.61599609375,3600.1210009765623,3335.083504638672,3705.83998169677,3724.2993560036793,3723.301274948467,59.986069518343555,111.57142857142857,2.9143856842041815,35477.5,18.02029455288563,4574.7998046875,2463.0,-16.317648590753308,55.432401495254766,14.788731481639136,True,3550.800048828125,3850.0,Uptrend,Positive,Near Breakout,KIRLOSIND,KIRLOSIND.NS,Kirloskar Industries Limited,,Unavailable,0,60,,81.0,Momentum Watch,-5,76.0,0.078198022240991,Price is in an uptrend | Positive momentum | Price is close to resistance | Volume is more than 2x average | RSI supports positive momentum | Price is above 200 DMA,45,48
418.95001220703125,420.0,417.25,419.95001220703125,11258.0,418.1499938964844,0.43047192079894714,404.98999938964846,399.53199890136716,391.97800018310545,373.1535221862793,414.7698218481494,408.63863849638824,400.73822530332586,67.0238189524195,7.471433367047991,1.7791244552612724,37759.7,0.2981485552056823,508.0,282.29998779296875,-17.332674762395424,48.760194957929414,12.540814232859098,True,350.6000061035156,419.8999938964844,Strong Uptrend,Strong Positive,Breakout - Volume Confirmation Required,KRISHIVAL,KRISHIVAL.NS,Krishival Foods Limited,,Unavailable,0,60,,81.0,Momentum Watch,-5,76.0,-0.0007212445010057379,Strong price trend | Strong positive momentum | Breakout requires volume confirmation | RSI supports positive momentum | Price is above 200 DMA,45,48
243.2100067138672,258.54998779296875,235.10000610351562,255.3000030517578,170916.0,246.24000549316406,3.6793361584152695,240.31700134277344,232.53880126953126,214.9917007446289,224.60788375854492,246.64090301778015,242.13026050835356,232.67826535690023,59.464095501594215,10.129283360072545,3.967600171951037,127349.55,1.34210132662424,371.95001220703125,161.25,-31.361743601810886,58.32558328791182,13.664756009280222,True,224.0,257.25,Strong Uptrend,Positive,Near Breakout,TIL,TIL.NS,TIL Limited,,Unavailable,0,60,,81.0,Momentum Watch,-5,76.0,0.06230021591428169,Strong price trend | Positive momentum | Price is close to resistance | Volume is above average | RSI supports positive momentum | Price is above 200 DMA,45,48
710.0,733.0,690.5999755859375,723.1500244140625,479794.0,707.5499877929688,2.2047963946341564,595.6200012207031,469.0200006103516,354.35289978027345,290.71794982910154,649.9983834239763,597.4919973892636,495.28446973704695,73.13649339892817,34.960719517299104,4.834504367973476,362887.2,1.32215740869339,733.0,180.0,-1.3437893023107095,301.75001356336804,148.74625899060104,True,486.20001220703125,717.0,Strong Uptrend,Strong Positive,Breakout - Volume Confirmation Required,KABRAEXTRU,KABRAEXTRU.NS,Kabra Extrusion Technik Limited,,Unavailable,0,60,,79.0,52W High Watch,-3,76.0,-0.025954944491368145,Strong price trend | Strong positive momentum | Breakout requires volume confirmation | Volume is above average | RSI indicates overbought conditions | Price is above 200 DMA | Price is near 52-week high,59,48
213.6999969482422,215.0,206.25,209.27000427246094,2083473.0,207.8800048828125,0.6686546839519414,183.8380012512207,174.06200073242186,158.0265005493164,150.9760004043579,197.07817248114037,188.76403729456197,176.22488256757052,79.6982573755388,9.12571280343192,4.360736186324447,1590314.2,1.3101014881210267,215.0,102.19999694824219,-2.6651142918786337,104.765176635419,38.61143738870723,True,163.5,207.8800048828125,Strong Uptrend,Strong Positive,Breakout - Volume Confirmation Required,LOTUSDEV,LOTUSDEV.NS,Sri Lotus Developers and Realty Limited,,Unavailable,0,60,,79.0,52W High Watch,-3,76.0,-0.030369221321763725,Strong price trend | Strong positive momentum | Breakout requires volume confirmation | Volume is above average | RSI indicates overbought conditions | Price is above 200 DMA | Price is near 52-week high,59,48
356.79998779296875,369.04998779296875,341.0,369.04998779296875,1300799.0,351.5,4.992884151626953,347.4824966430664,310.6131997680664,250.74539962768554,193.21024971008302,345.67930161470576,341.6715734575612,311.8285269533527,56.199127042770456,16.846426827566965,4.564808937757653,1042369.1,1.2479255188972889,379.0,115.56999969482422,-2.6253330361560026,219.33026630396068,91.00952891823172,True,316.0,376.29998779296875,Strong Uptrend,Positive,Near Breakout,DIACABS,DIACABS.NS,Diamond Power Infrastructure Limited,,Unavailable,0,60,,78.0,52W High Watch,-3,75.0,0.1366635564233045,Strong price trend | Positive momentum | Price is close to resistance | Volume is above average | RSI supports positive momentum | Price is above 200 DMA | Price is near 52-week high,67,56
601.0,636.9000244140625,599.0,632.5,563681.0,611.4500122070312,3.442634291066371,609.4350067138672,621.4110021972656,602.0434991455078,560.059499206543,611.8750353813725,611.6650979244552,611.5877386743956,58.33020391561315,18.317875453404017,2.8961067910520186,304683.5,1.8500542366094652,711.7000122070312,382.1000061035156,-11.128285913811705,65.53258044927848,12.934429448315065,True,584.2999877929688,643.9000244140625,Uptrend,Positive,Near Breakout,ABDL,ABDL.NS,Allied Blenders and Distillers Limited,,Unavailable,0,60,,79.0,Momentum Watch,-5,74.0,0.23651496943810948,Price is in an uptrend | Positive momentum | Price is close to resistance | Strong volume confirmation | RSI supports positive momentum | Price is above 200 DMA,59,60
366.20001220703125,368.8999938964844,355.70001220703125,363.0,205568.0,366.20001220703125,-0.8738427363082946,342.70999908447266,349.0439990234375,342.72049926757813,330.7162495422363,346.4259088746724,344.2413648075726,345.54040726678113,56.80086870471345,13.589281354631696,3.7436036789619003,139551.45,1.47306244399467,458.79998779296875,259.6499938964844,-20.880555872246017,39.80358503097772,9.76176722566536,True,315.0,369.3999938964844,Uptrend,Positive,Near Breakout,EVEREADY,EVEREADY.NS,Eveready Industries India Limited,,Unavailable,0,60,,79.0,Momentum Watch,-5,74.0,0.1333332061767578,Price is in an uptrend | Positive momentum | Price is close to resistance | Volume is above average | RSI supports positive momentum | Price is above 200 DMA,59,60
336.6000061035156,340.95001220703125,336.6000061035156,339.04998779296875,422556.0,337.29998779296875,0.5188259897222824,336.43999633789065,336.97099853515624,337.85999908447263,328.0308988189697,338.11868287770733,337.25390681340525,336.5761006916337,56.64061149582589,4.171439034598214,1.2303315690267433,289661.1,1.4587944325282203,411.29998779296875,240.39999389648438,-17.566253864409944,41.03577221343974,3.3591619001965216,True,332.8999938964844,342.79998779296875,Uptrend,Positive,Near Breakout,IIFLCAPS,IIFLCAPS.NS,IIFL Capital Services Limited,,Unavailable,0,60,,79.0,Momentum Watch,-5,74.0,0.609756702708872,Price is in an uptrend | Positive momentum | Price is close to resistance | Volume is above average | RSI supports positive momentum | Price is above 200 DMA,59,60
435.0,455.8999938964844,433.8500061035156,452.3500061035156,7424.0,435.0,3.988507150233467,424.24749755859375,422.2899981689453,421.68519927978514,359.9029496765137,433.1029788715723,426.9237595500619,421.65581573157425,76.6004441779676,13.735715593610491,3.0365237997735792,4780.5,1.5529756301642088,489.8999938964844,215.0,-7.664827160806833,110.39535167605379,25.68666261560089,True,405.70001220703125,452.70001220703125,Strong Uptrend,Strong Positive,Near Breakout,SOFTTECH,SOFTTECH.NS,Softtech Engineers Limited,,Unavailable,0,60,,79.0,Momentum Watch,-5,74.0,0.0075028113463912385,Strong price trend | Strong positive momentum | Price is close to resistance | Strong volume confirmation | RSI indicates overbought conditions | Price is above 200 DMA,59,60
3297.199951171875,3319.800048828125,3210.10009765625,3302.39990234375,43706.0,3297.199951171875,0.15770809319668455,3174.540002441406,3185.4000048828125,3375.843996582031,3284.987001953125,3197.5709228781498,3186.7870820505145,3233.3334770436823,69.18151020730613,83.73573521205357,2.535602522051475,33932.55,1.2880258041320207,3925.0,2800.5,-15.86242287022293,17.9217961915283,0.5300751686466956,True,3069.5,3324.699951171875,Sideways,Strong Positive,Near Breakout,TIMKEN,TIMKEN.NS,Timken India Limited,,Unavailable,0,60,,77.0,200 DMA Recovery Watch,-3,74.0,0.09574949840559019,Strong positive momentum | Price is close to resistance | Volume is above average | RSI supports positive momentum | Price is above 200 DMA | Price is near 200 DMA,82,60
436.0,439.95001220703125,425.1000061035156,437.25,91968.0,441.1499938964844,-0.884051671867303,414.82750244140624,437.92000061035156,421.86500061035156,422.3497496032715,422.1094401890283,420.39816161524027,424.6903972596593,64.67155691090414,12.185712541852679,2.7868982371304014,62240.05,1.4776337743944614,701.5,331.70001220703125,-37.66928011404134,31.820917669152664,3.527941098751649,True,397.20001220703125,444.29998779296875,Sideways,Strong Positive,Near Breakout,TSFINV,TSFINV.NS,TSF INVESTMENTS LIMITED,,Unavailable,0,60,,77.0,200 DMA Recovery Watch,-3,74.0,0.17602971140496723,Strong positive momentum | Price is close to resistance | Volume is above average | RSI supports positive momentum | Price is above 200 DMA,82,60
1.0,1.0099999904632568,0.9800000190734863,1.0099999904632568,6790419.0,0.9700000286102295,4.123707285899503,0.8330000072717667,0.8405999994277954,0.8871000033617019,0.9574999994039536,0.8964637652864345,0.8577716660636608,0.8538720597900521,88.88889624748916,0.027857133320399692,2.758132037963927,3221502.95,2.107841931356915,1.5099999904632568,0.75,-33.11258299058689,34.66666539510091,5.483027790285602,True,0.7799999713897705,0.9700000286102295,Sideways,Strong Positive,Confirmed Breakout,RCOM,RCOM.NS,Reliance Communications Limited,,Unavailable,0,60,,81.0,Strong Breakout Watch,-8,73.0,-0.17391286319957708,Strong positive momentum | Confirmed price breakout | Volume is more than 2x average | RSI indicates overbought conditions | Price is above 200 DMA,45,67
246.85000610351562,255.0,242.41000366210938,251.13999938964844,179922.0,246.9600067138672,1.692578782857046,233.55299911499023,230.4343994140625,234.28109970092774,241.52574981689452,241.52133294704493,236.5665923047616,233.3689664244175,83.651903015971,7.748571123395648,3.085359218852905,59715.05,3.0130092832543887,293.1099853515625,209.9600067138672,-14.318852328273412,19.613255552949763,3.980631290884171,True,225.10000610351562,250.19000244140625,Sideways,Strong Positive,Confirmed Breakout,SESHAPAPER,SESHAPAPER.NS,Seshasayee Paper and Boards Limited,,Unavailable,0,60,,81.0,Strong Breakout Watch,-8,73.0,-0.036482227080607325,Strong positive momentum | Confirmed price breakout | Volume is more than 2x average | RSI indicates overbought conditions | Price is above 200 DMA,45,67
339.25,344.1000061035156,335.75,343.1499938964844,2957954.0,342.45001220703125,0.20440404862065442,336.6675033569336,333.8060009765625,310.723000793457,287.6391508483887,338.28386966216607,336.7998475858827,329.67532987437335,53.26686831477383,8.300003051757812,2.4187682352871076,2188729.25,1.351448106247038,355.79998779296875,233.4199981689453,-3.5553665909187986,47.00968065646132,19.298778655258523,True,326.3999938964844,348.0,Strong Uptrend,Positive,Near Breakout,JSWINFRA,JSWINFRA.NS,JSW Infrastructure Limited,,Unavailable,0,60,,78.0,Momentum Watch,-5,73.0,0.2895526031949627,Strong price trend | Positive momentum | Price is close to resistance | Volume is above average | RSI supports positive momentum | Price is above 200 DMA,67,67
65.66999816894531,65.66999816894531,65.66999816894531,65.66999816894531,29308.0,64.38999938964844,1.9878844407982044,57.518999862670896,57.229599609375,43.70739988327026,28.666699962615965,61.10166448170796,58.93844109639553,54.5889172213644,66.25659661297664,2.7692854745047435,4.216972059874841,585799.15,0.05003079980570132,68.0199966430664,9.260000228881836,-3.4548641430440883,609.1792283559705,129.0811228867818,True,45.970001220703125,65.62000274658203,Strong Uptrend,Strong Positive,Breakout - Volume Confirmation Required,SANGINITA,SANGINITA.NS,Sanginita Chemicals Limited,,Unavailable,0,60,,78.0,Momentum Watch,-5,73.0,-0.0025378390917843415,Strong price trend | Strong positive momentum | Breakout requires volume confirmation | RSI supports positive momentum | Price is above 200 DMA,67,67
1194.5,1240.199951171875,1167.699951171875,1224.4000244140625,113105.0,1194.5,2.503141432738598,1108.1950073242188,990.9890014648438,960.7654998779296,953.6612490844726,1178.257492178097,1120.8076688776068,1033.789242859023,73.7586043348856,57.803558349609375,4.720970042227115,115434.8,0.9798171781819693,1240.199951171875,855.2999877929688,-1.2739822109235708,43.15445362901571,28.38940720192864,True,921.0,1222.0,Strong Uptrend,Strong Positive,Breakout - Volume Confirmation Required,HATSUN,HATSUN.NS,Hatsun Agro Product Limited,,Unavailable,0,60,,76.0,52W High Watch,-3,73.0,-0.007910429205460735,Strong price trend | Strong positive momentum | Breakout requires volume confirmation | RSI indicates overbought conditions | Price is above 200 DMA | Price is near 52-week high,86,67
788.0,832.4500122070312,776.5,832.4500122070312,366669.0,792.8499755859375,4.994644364065004,735.0150024414063,654.5690002441406,534.4489994812012,357.28360023498533,776.2103412453457,742.9510978583669,663.8059184870033,77.36057119285185,39.47858101981027,4.742456656964034,319067.35,1.1491899750946,832.4500122070312,140.10000610351562,0.0,494.18270945110396,132.99418491627634,True,622.0,801.0,Strong Uptrend,Strong Positive,Breakout - Volume Confirmation Required,SIGMAADV,SIGMAADV.NS,SIGMA ADVANCED SYSTEMS LIMITED,,Unavailable,0,60,,76.0,52W High Watch,-3,73.0,-0.14944172194246366,Strong price trend | Strong positive momentum | Breakout requires volume confirmation | RSI indicates overbought conditions | Price is above 200 DMA | Price is near 52-week high,86,67
707.2000122070312,759.5499877929688,697.4000244140625,749.1500244140625,1159874.0,707.25,5.924358347693537,635.3399978637696,575.095,561.7759991455079,535.4977503967285,685.294429763832,643.3756499259839,596.0650332218083,79.37362159475663,35.15000261579241,4.691984445076206,918755.35,1.2624405398020269,759.5499877929688,422.0,-1.3692269825618084,77.52370246778733,39.89788451194196,True,501.95001220703125,749.7999877929688,Strong Uptrend,Strong Positive,Near Breakout,SOLARA,SOLARA.NS,Solara Active Pharma Sciences Limited,,Unavailable,0,60,,76.0,52W High Watch,-3,73.0,0.0026293015647665197,Strong price trend | Strong positive momentum | Price is close to resistance | Volume is above average | RSI indicates overbought conditions | Price is above 200 DMA | Price is near 52-week high,86,67
2705.0,2742.0,2662.800048828125,2727.89990234375,20275.0,2662.800048828125,2.444789406710246,2446.129992675781,2412.7780029296873,2198.8350061035158,1941.6179998779296,2559.806784359547,2495.231789366066,2395.51885712167,79.83733118661621,123.74283272879464,4.536194037855919,24608.35,0.8239073322672995,2750.0,523.5,-0.8036399147727272,421.08880656041066,40.496220292315705,True,2280.0,2710.0,Strong Uptrend,Strong Positive,Breakout - Volume Confirmation Required,SWANDEF,SWANDEF.NS,Swan Defence and Heavy Industries Limited,,Unavailable,0,60,,76.0,52W High Watch,-3,73.0,-0.039964068422619015,Strong price trend | Strong positive momentum | Breakout requires volume confirmation | RSI indicates overbought conditions | Price is above 200 DMA | Price is near 52-week high,86,67
118.55999755859375,129.89999389648438,118.55999755859375,127.91000366210938,234978.0,124.80000305175781,2.491987607613888,101.75800018310547,79.15080017089844,76.50930015563965,69.44295000076293,113.08021263303431,101.97963922484485,87.09472845403407,74.82636036992722,6.819999694824219,5.331873582648094,258050.1,0.9105906178683907,129.89999389648438,49.5099983215332,-1.5319402062180214,158.35186426673326,84.19436913423766,True,78.48999786376953,125.81999969482422,Strong Uptrend,Strong Positive,Breakout - Volume Confirmation Required,VALIANTLAB,VALIANTLAB.NS,Valiant Laboratories Limited,,Unavailable,0,60,,76.0,52W High Watch,-3,73.0,-0.04229064593422944,Strong price trend | Strong positive momentum | Breakout requires volume confirmation | RSI indicates overbought conditions | Price is above 200 DMA | Price is near 52-week high,86,67
1085.699951171875,1124.8499755859375,1060.550048828125,1113.75,35432.0,1085.699951171875,2.583591239720384,969.1599914550782,839.0899963378906,773.2919989013672,775.4384997558594,1035.9960716248643,973.217043701645,876.4770778251901,75.3699587091405,51.38927786690848,4.614076576153399,29114.65,1.2169818287357053,1134.699951171875,584.0999755859375,-1.846298763848424,90.67797407160414,43.62841158269227,True,812.0,1134.699951171875,Strong Uptrend,Strong Positive,Near Breakout,YUKEN,YUKEN.NS,Yuken India Limited,,Unavailable,0,60,,76.0,52W High Watch,-3,73.0,0.0694281728976802,Strong price trend | Strong positive momentum | Price is close to resistance | Volume is above average | RSI indicates overbought conditions | Price is above 200 DMA | Price is near 52-week high,86,67
417.8500061035156,469.0,414.54998779296875,463.45001220703125,10401534.0,417.45001220703125,11.019283424331693,376.9125015258789,381.56099975585937,385.7770001220703,368.42050018310545,406.93287573127196,389.1526744553819,382.3194672036209,91.94474483361198,20.046432495117188,4.325478901090652,926456.55,11.227222690583815,469.0,242.25,-1.183366267157516,91.31063455398606,25.79376337003397,True,349.25,444.0,Uptrend,Strong Positive,Confirmed Breakout,SMSPHARMA,SMSPHARMA.NS,SMS Pharmaceuticals Limited,,Unavailable,0,60,,80.0,Strong Breakout Watch,-8,72.0,-0.17031532511371938,Price is in an uptrend | Strong positive momentum | Confirmed price breakout | Volume is more than 2x average | RSI indicates overbought conditions | Price is above 200 DMA | Price is near 52-week high,54,90
81.72000122070312,84.5999984741211,81.19999694824219,84.2300033569336,16781160.0,83.05000305175781,1.4208311400547347,71.80400009155274,71.35100006103515,62.732399787902835,49.338699865341184,77.5775697266003,73.89255627812966,69.74176446820893,80.66525731818581,2.9535718645368303,3.5065555583807297,12873213.45,1.3035719531241052,84.5999984741211,30.0,-0.4373464821050564,180.7666778564453,70.71792241550816,True,65.0,83.5,Strong Uptrend,Strong Positive,Breakout - Volume Confirmation Required,PAISALO,PAISALO.NS,Paisalo Digital Limited,,Unavailable,0,60,,75.0,52W High Watch,-3,72.0,-0.03796168640139019,Strong price trend | Strong positive momentum | Breakout requires volume confirmation | Volume is above average | RSI indicates overbought conditions | Price is above 200 DMA | Price is near 52-week high,104,90
870.0,897.4500122070312,830.0,897.4000244140625,2409510.0,854.75,4.989765944903479,711.977505493164,625.8870037841797,559.2561999511719,352.3013998413086,800.2501003209892,735.3393947675986,652.051658456534,85.69541211744804,45.092860630580354,5.024833898352381,1650444.1,1.4599161522647146,897.4500122070312,84.5999984741211,-0.0055699807553424375,960.7565491724857,154.72508051863812,True,601.0,897.2999877929688,Strong Uptrend,Strong Positive,Breakout - Volume Confirmation Required,STLTECH,STLTECH.NS,Sterlite Technologies Limited,,Unavailable,0,60,,75.0,52W High Watch,-3,72.0,-0.00033750544147729774,Strong price trend | Strong positive momentum | Breakout requires volume confirmation | Volume is above average | RSI indicates overbought conditions | Price is above 200 DMA | Price is near 52-week high,104,90
35.0,38.25,33.11000061035156,36.459999084472656,385169.0,34.880001068115234,4.529810687998359,30.444000148773192,28.602000045776368,28.915100040435792,30.303849954605102,32.367598169997024,30.879950447934306,29.54515689016542,74.09439679213712,2.648571559361049,7.2643215191110775,86132.15,4.471837751640938,79.48999786376953,22.799999237060547,-54.13259521410727,59.91228203730942,20.3147426452065,True,25.700000762939453,34.880001068115234,Sideways,Strong Positive,Confirmed Breakout,MANGALAM,MANGALAM.NS,Mangalam Drugs And Organics Limited,,Unavailable,0,60,,79.0,Strong Breakout Watch,-8,71.0,-0.14683998725125139,Strong positive momentum | Confirmed price breakout | Volume is more than 2x average | RSI indicates overbought conditions | Price is above 200 DMA,59,98
14.539999961853027,17.200000762939453,14.010000228881836,17.200000762939453,1455188.0,14.34000015258789,19.944216038487482,13.940999984741211,14.191600017547607,14.956699962615966,14.917149982452393,14.64861064340341,14.236363035453188,14.29879123200203,82.48588615749672,0.9121429579598563,5.3031564970929255,89258.4,16.303093042223477,21.0,12.130000114440918,-18.09523446219308,41.79720198405139,15.30353172806108,True,13.0,15.25,Sideways,Strong Positive,Confirmed Breakout,ASHOKAMET,ASHOKAMET.NS,Ashoka Metcast Limited,,Unavailable,0,60,,78.0,Strong Breakout Watch,-8,70.0,-0.46428581159940235,Strong positive momentum | Confirmed price breakout | Volume is more than 2x average | RSI indicates overbought conditions | Price is above 200 DMA,67,107
1948.0,2044.4000244140625,1909.4000244140625,2020.0999755859375,301736.0,1949.0999755859375,3.6427069359875164,1667.3850036621093,1684.4260083007812,1568.2460021972656,1348.079500427246,1822.3883959381365,1727.065981002558,1656.209943212551,85.54993629647717,90.99286760602679,4.504374471844344,170549.1,1.7692031209780643,2044.4000244140625,890.0,-1.1886151701201209,126.97752534673454,49.85021098130402,True,1527.0999755859375,1998.0,Uptrend,Strong Positive,Confirmed Breakout,VENUSPIPES,VENUSPIPES.NS,Venus Pipes & Tubes Limited,,Unavailable,0,60,,78.0,Strong Breakout Watch,-8,70.0,-0.044827536685471604,Price is in an uptrend | Strong positive momentum | Confirmed price breakout | Strong volume confirmation | RSI indicates overbought conditions | Price is above 200 DMA | Price is near 52-week high,67,107
430.0,461.0,426.6499938964844,445.70001220703125,1336559.0,435.45001220703125,2.3538867178000578,390.5975051879883,405.36000366210936,395.9155017089844,379.86625045776367,420.07644975623725,404.4457821441339,398.6708706094256,81.55258537087386,17.23571559361049,3.8671113128900614,616829.55,2.1668206395105423,486.0,312.70001220703125,-8.292178558224023,42.53277736105231,17.330774100076958,True,360.75,454.0,Uptrend,Strong Positive,Near Breakout,IONEXCHANG,IONEXCHANG.NS,ION Exchange (India) Limited,,Unavailable,0,60,,75.0,Momentum Watch,-5,70.0,0.09770437434124073,Price is in an uptrend | Strong positive momentum | Price is close to resistance | Volume is more than 2x average | RSI indicates overbought conditions | Price is above 200 DMA,104,107
1943.0,1981.800048828125,1918.0999755859375,1969.0,2277375.0,1945.0,1.2339331619537264,1870.445001220703,1751.3620043945311,1544.5055041503906,1291.111001586914,1916.655556912799,1876.9173136859517,1757.4118539342755,70.89589078925341,53.50715855189732,2.7174788497662425,3578275.7,0.6364448105549831,1981.800048828125,823.0999755859375,-0.6458799330282541,139.21759912559034,52.5043158628412,True,1769.4000244140625,1955.0,Strong Uptrend,Strong Positive,Breakout - Volume Confirmation Required,LAURUSLABS,LAURUSLABS.NS,Laurus Labs Limited,,Unavailable,0,60,,73.0,52W High Watch,-3,70.0,-0.07014028914032767,Strong price trend | Strong positive momentum | Breakout requires volume confirmation | RSI indicates overbought conditions | Price is above 200 DMA | Price is near 52-week high,131,107
22.979999542236328,25.149999618530273,22.309999465942383,24.899999618530273,17663.0,22.8700008392334,8.876251442083106,23.179000091552734,23.271600074768067,25.940000076293945,26.165200033187865,23.363468579982523,23.217866815517606,23.725770934933678,64.62765478504912,1.5314284733363561,6.150315248184525,4935.8,3.5785485635560597,42.75,19.299999237060547,-41.754386857239126,29.015547164978152,-4.835431844789321,False,22.0,24.799999237060547,Downtrend,Strong Positive,Confirmed Breakout,NAGREEKCAP,NAGREEKCAP.NS,Nagreeka Capital & Infrastructure Limited,,Unavailable,0,60,,77.0,Strong Breakout Watch,-8,69.0,-0.034482894697898954,Price trend is weak | Strong positive momentum | Confirmed price breakout | Volume is more than 2x average | RSI supports positive momentum | Price is below 200 DMA,82,129
289.6000061035156,298.3999938964844,281.29998779296875,295.1000061035156,1776446.0,291.8500061035156,1.1135857228138146,277.49999847412107,282.38919860839843,246.64409927368163,232.54409980773926,287.8395446396908,282.44834748828714,272.7519407253964,71.75441367402391,11.307146344866071,3.8316320267712,938501.85,1.892852954951554,311.489990234375,158.0,-5.26180122787478,86.77215576171875,26.900663722492112,True,258.29998779296875,300.70001220703125,Uptrend,Strong Positive,Near Breakout,AEGISVOPAK,AEGISVOPAK.NS,Aegis Vopak Terminals Limited,,Unavailable,0,60,,74.0,Momentum Watch,-5,69.0,0.1521740031827828,Price is in an uptrend | Strong positive momentum | Price is close to resistance | Strong volume confirmation | RSI indicates overbought conditions | Price is above 200 DMA,125,129
5.179999828338623,5.179999828338623,5.179999828338623,5.179999828338623,85364.0,5.079999923706055,1.9685020892601601,4.302999973297119,3.2636000061035157,2.6566000068187714,2.188500003218651,4.787722044403476,4.340786985476073,3.5685186530550213,,0.09642853055681501,1.8615547056445068,32985.95,2.587889692429656,5.179999828338623,1.2999999523162842,0.0,298.46153987229934,136.6917898432872,True,3.5,5.079999923706055,Strong Uptrend,Insufficient Data,Confirmed Breakout,IMPEXFERRO,IMPEXFERRO.NS,Impex Ferro Tech Limited,,Unavailable,0,60,,76.0,Strong Breakout Watch,-8,68.0,-0.059523758839582594,Strong price trend | Confirmed price breakout | Volume is more than 2x average | Price is above 200 DMA | Price is near 52-week high,86,137
3.3299999237060547,3.3299999237060547,3.319999933242798,3.3299999237060547,2178546.0,3.2699999809265137,1.8348606461624728,2.7795000076293945,2.266599998474121,1.686199998855591,1.422499998807907,3.0852680056881874,2.832618148765642,2.36228866312997,,0.060714278902326314,1.8232516604611695,475284.4,4.583668220543321,3.3299999237060547,0.6800000071525574,0.0,389.70586598228846,134.09489817199884,True,2.319999933242798,3.2699999809265137,Strong Uptrend,Insufficient Data,Confirmed Breakout,SUPREMEENG,SUPREMEENG.NS,Supreme Engineering Limited,,Unavailable,0,60,,76.0,Strong Breakout Watch,-8,68.0,-0.05940588450106899,Strong price trend | Confirmed price breakout | Volume is more than 2x average | Price is above 200 DMA | Price is near 52-week high,86,137
15.0,16.8700008392334,15.0,16.8700008392334,1521669.0,15.34000015258789,9.973928757669492,10.898500108718872,10.64080005645752,11.106700019836426,11.768250007629394,12.852701947454614,11.559838991741318,10.981309913116391,95.8500619952038,0.8907142366681781,5.279870731225486,310728.55,4.897100700917248,17.739999771118164,8.399999618530273,-4.90416540647976,100.83335244466475,43.35182230405135,True,9.670000076293945,15.550000190734863,Sideways,Strong Positive,Confirmed Breakout,ANMOL,ANMOL.NS,Anmol India Limited,,Unavailable,0,60,,75.0,Strong Breakout Watch,-8,67.0,-0.1833334039758678,Strong positive momentum | Confirmed price breakout | Volume is more than 2x average | RSI indicates overbought conditions | Price is above 200 DMA,104,150
5.78000020980835,6.0,5.440000057220459,6.0,7383.0,5.71999979019165,4.895108742634546,4.844000029563904,5.041800003051758,5.197800006866455,5.152050006389618,5.371534318546621,5.084279837702156,5.019510901145823,78.51852989982177,0.38214281627110075,6.369046937851679,3456.3,2.1360992969360297,6.670000076293945,4.099999904632568,-10.04497854018343,46.34146681858776,16.45849695866203,True,4.099999904632568,6.019999980926514,Sideways,Strong Positive,Near Breakout,LAKPRE,LAKPRE.NS,Lakshmi Precision Screws Limited,,Unavailable,0,60,,74.0,Pre-Breakout Watch,-8,66.0,0.010526305222445779,Strong positive momentum | Price is close to resistance | Volume is more than 2x average | RSI indicates overbought conditions | Price is above 200 DMA,125,189
301.0,330.0,289.45001220703125,323.04998779296875,191712.0,307.5,5.056906599339439,257.39049911499023,247.95279998779296,252.16809982299804,291.2107006072998,288.1786053182031,268.4389631245215,254.94600769949986,76.66802445512128,19.803571428571427,6.130187951365233,82185.4,2.3326770934983587,447.6499938964844,212.39999389648438,-27.83424724726533,52.095102201561716,10.933419383034444,True,215.0,326.8500061035156,Sideways,Strong Positive,Near Breakout,MEDICAMEQ,MEDICAMEQ.NS,Medicamen Biotech Limited,,Unavailable,0,60,,74.0,Pre-Breakout Watch,-8,66.0,0.035169076722414566,Strong positive momentum | Price is close to resistance | Volume is more than 2x average | RSI indicates overbought conditions | Price is above 200 DMA,125,189
3437.89990234375,3570.5,3418.0,3556.10009765625,107650.0,3495.60009765625,1.7307471767312288,3450.17001953125,3561.60001953125,3460.0680102539063,3197.4700085449217,3472.9988024214254,3476.855126933389,3494.8605296393025,57.28454113454805,89.69287109375,2.522225714424199,68122.35,1.5802449563175667,3785.300048828125,2261.0,-6.0550008774821436,57.279968936587785,11.216057950596094,True,3303.300048828125,3580.60009765625,Sideways,Positive,Near Breakout,PRIVISCL,PRIVISCL.NS,Privi Speciality Chemicals Limited,,Unavailable,0,60,,74.0,Pre-Breakout Watch,-8,66.0,0.09691453824305701,Positive momentum | Price is close to resistance | Strong volume confirmation | RSI supports positive momentum | Price is above 200 DMA,125,189
411.0,423.5,409.54998779296875,422.25,7751875.0,413.20001220703125,2.190219633496593,393.4825012207031,394.96800048828123,384.9586996459961,311.6111999511719,406.8619066485016,398.9172082929368,392.6286273240543,73.75160256347637,11.525002615792411,2.7294263151669416,5853739.3,1.3242603749025859,466.5,179.5,-9.485530546623794,135.23676880222843,35.50539905695453,True,374.3500061035156,427.95001220703125,Uptrend,Strong Positive,Near Breakout,APOLLO,APOLLO.NS,Apollo Micro Systems Limited,,Unavailable,0,60,,71.0,Momentum Watch,-5,66.0,0.1189981823243949,Price is in an uptrend | Strong positive momentum | Price is close to resistance | Volume is above average | RSI indicates overbought conditions | Price is above 200 DMA,188,189
116.5,120.76000213623047,112.0999984741211,117.91000366210938,149999.0,115.01000213623047,2.5215211477379373,96.93500061035157,84.90380020141602,76.75970027923584,68.72465007781983,108.0962339910228,99.69069897568475,88.31588855019906,83.18674567278875,5.394999912806919,4.575523488462594,189290.4,0.7924279308406554,120.76000213623047,45.11000061035156,-2.360051692369121,161.3832898841773,71.56872174481047,True,83.75,115.01000213623047,Strong Uptrend,Strong Positive,Breakout - Volume Confirmation Required,MANAKSTEEL,MANAKSTEEL.NS,Manaksia Steels Limited,,Unavailable,0,60,,69.0,52W High Watch,-3,66.0,-0.08489464915062693,Strong price trend | Strong positive momentum | Breakout requires volume confirmation | RSI indicates overbought conditions | Price is above 200 DMA | Price is near 52-week high,207,189
209.89999389648438,225.75999450683594,200.0,221.14999389648438,431750.0,210.16000366210938,5.22934432949691,207.39249954223632,220.6941989135742,230.00629959106445,234.9700498199463,211.10295448196905,210.65624898498265,217.48502927220713,70.55051367402692,9.67499760219029,4.374857729690443,153400.3,2.814531653458305,314.70001220703125,186.0,-29.726728529328195,18.897846180905578,-5.881624459820307,False,197.1300048828125,219.7899932861328,Downtrend,Strong Positive,Confirmed Breakout,ALLTIME,ALLTIME.NS,All Time Plastics Limited,,Unavailable,0,60,,72.0,Strong Breakout Watch,-8,64.0,-0.056619535070456,Price trend is weak | Strong positive momentum | Confirmed price breakout | Volume is more than 2x average | RSI indicates overbought conditions | Price is below 200 DMA,143,231
28.59000015258789,32.38999938964844,28.43000030517578,31.899999618530273,1039887.0,28.610000610351562,11.499471995775966,29.5210000038147,29.813200073242186,30.95860004425049,33.4475001335144,29.888158935879876,29.759323171407463,30.01706050052726,74.39799411549839,1.0749999455043249,3.3699058255783556,213049.95,4.880953973469602,55.900001525878906,25.389999389648438,-42.933812615797216,25.640017272060188,-4.626655232250179,False,27.600000381469727,31.299999237060547,Downtrend,Strong Positive,Confirmed Breakout,TRACXN,TRACXN.NS,Tracxn Technologies Limited,,Unavailable,0,60,,72.0,Strong Breakout Watch,-8,64.0,-0.13953499719220488,Price trend is weak | Strong positive momentum | Confirmed price breakout | Volume is more than 2x average | RSI indicates overbought conditions | Price is below 200 DMA,143,231
15.0,17.0,15.0,15.539999961853027,1482517.0,14.75,5.35593194476629,12.644499969482421,11.371999988555908,11.473400020599366,12.559350023269653,13.257174774182683,12.525618476139657,11.827960710829625,72.11093655656603,0.9414286613464355,6.058099508734988,481899.35,3.0764038175191564,20.280000686645508,9.65999984741211,-23.37278384765439,60.869567363566325,23.732517471532365,True,10.020000457763672,15.600000381469727,Sideways,Strong Positive,Near Breakout,OSWALSEEDS,OSWALSEEDS.NS,ShreeOswal Seeds And Chemicals Limited,,Unavailable,0,60,,71.0,Pre-Breakout Watch,-8,63.0,0.010869642211425815,Strong positive momentum | Price is close to resistance | Volume is more than 2x average | RSI indicates overbought conditions | Price is above 200 DMA,188,309
372.0,390.8500061035156,372.0,388.0,16707001.0,372.0,4.3010752688172005,377.3125,385.8669989013672,400.27449920654294,415.56999938964844,377.9347474545086,378.8462663560966,385.94014033030004,58.65324635017991,9.896429879324776,2.5506262575579317,4552819.2,3.6695946546702314,481.5,337.79998779296875,-19.418483904465216,14.86086856752579,-6.634261238814341,False,367.3500061035156,389.3999938964844,Downtrend,Positive,Near Breakout,INDUSTOWER,INDUSTOWER.NS,Indus Towers Limited,,Unavailable,0,60,,66.0,200 DMA Recovery Watch,-3,63.0,0.06779633463827422,Price trend is weak | Positive momentum | Price is close to resistance | Volume is more than 2x average | RSI supports positive momentum | Price is below 200 DMA,355,309
1028.199951171875,1041.5,1022.7000122070312,1037.699951171875,2506618.0,1038.5999755859375,-0.08665746535905239,1009.0899963378906,1058.0460021972656,1045.6140002441407,1039.0899990844728,1018.8795063871369,1020.9058044284827,1037.9770108842954,59.573373920105645,24.349988664899552,2.3465346256787525,2024858.4,1.2379226122676035,1221.9000244140625,903.0,-15.074889071265623,14.916938114271872,-0.1337755068206331,False,980.2999877929688,1042.0999755859375,Downtrend,Positive,Near Breakout,MAXHEALTH,MAXHEALTH.NS,Max Healthcare Institute Limited,,Unavailable,0,60,,66.0,200 DMA Recovery Watch,-3,63.0,0.07665552650299168,Price trend is weak | Positive momentum | Price is close to resistance | Volume is above average | RSI supports positive momentum | Price is below 200 DMA | Price is near 200 DMA,355,309
248.5,299.45001220703125,244.10000610351562,293.20001220703125,23945553.0,249.60000610351562,17.467950736120397,263.10000076293943,275.4010000610352,300.73109970092776,342.73539947509767,263.3758549773874,264.3294856447263,275.389707404047,57.64300078791961,12.628570556640625,4.307152125124563,1456754.95,16.437598513051217,639.4000244140625,229.0500030517578,-54.14451032032478,28.006988998283326,-14.452953311484693,False,247.0500030517578,284.6000061035156,Downtrend,Positive,Confirmed Breakout,AWFIS,AWFIS.NS,Awfis Space Solutions Limited,,Unavailable,0,60,,69.0,Strong Breakout Watch,-8,61.0,-0.18634895769100676,Price trend is weak | Positive momentum | Confirmed price breakout | Volume is more than 2x average | RSI supports positive momentum | Price is below 200 DMA,207,380
1500.0,1565.0999755859375,1489.0,1558.0,1336366.0,1514.0,2.9062087186261465,1493.2350036621094,1580.2619995117188,1624.145001220703,1714.209998779297,1497.7874750439269,1507.206988740506,1557.0332993626535,56.837735436377265,41.935703822544646,2.691636959085022,513687.55,2.6015152596164732,2032.9000244140625,1432.300048828125,-23.36071713860802,8.776090685378374,-9.112652410762704,False,1432.300048828125,1535.4000244140625,Downtrend,Positive,Confirmed Breakout,BLUESTARCO,BLUESTARCO.NS,Blue Star Limited,,Unavailable,0,60,,69.0,Strong Breakout Watch,-8,61.0,-0.17979303392915064,Price trend is weak | Positive momentum | Confirmed price breakout | Volume is more than 2x average | RSI supports positive momentum | Price is below 200 DMA,207,380
52.18000030517578,53.47999954223633,50.650001525878906,52.880001068115234,257438.0,52.29999923706055,1.1089901329170315,45.43099956512451,44.11439987182617,47.74439990997315,49.95029993057251,49.11358397336369,46.7155174101628,45.66797568983187,86.1309001692014,2.888571330479213,5.462502405698548,291640.15,0.8827248237254026,72.7699966430664,39.54999923706055,-27.33268722343181,33.70417721415209,5.865232324159826,True,40.689998626708984,52.599998474121094,Sideways,Strong Positive,Breakout - Volume Confirmation Required,PROZONER,PROZONER.NS,Prozone Realty Limited,,Unavailable,0,60,,68.0,Breakout Confirmation Required,-8,60.0,-0.022969855448350448,Strong positive momentum | Breakout requires volume confirmation | RSI indicates overbought conditions | Price is above 200 DMA,291,444
7.380000114440918,7.679999828338623,7.369999885559082,7.409999847412109,46772.0,7.360000133514404,0.6793439265038392,6.377999973297119,5.9185999584198,5.594299988746643,6.288850009441376,6.915314132678425,6.552910332638163,6.1009621806045455,83.93782537035797,0.2707142489297049,3.6533637584925187,33175.2,1.4098483204321302,9.989999771118164,3.7899999618530273,-25.825825653820605,95.51450981517087,17.827581136258054,True,5.760000228881836,7.360000133514404,Sideways,Strong Positive,Breakout - Volume Confirmation Required,SUPERSPIN,SUPERSPIN.NS,Super Spinning Mills Limited,,Unavailable,0,60,,68.0,Breakout Confirmation Required,-8,60.0,-0.03030286391353351,Strong positive momentum | Breakout requires volume confirmation | Volume is above average | RSI indicates overbought conditions | Price is above 200 DMA,291,444
330.3999938964844,330.3999938964844,330.3999938964844,330.3999938964844,1091.0,314.6700134277344,4.998881303433289,148.94600296020508,98.81840209960937,82.10920181274415,73.75460166931153,254.04672797523443,185.04248116134008,123.51695005177984,,18.928570883614675,5.7289864507518935,1358.8,0.8029143361789814,330.3999938964844,65.4000015258789,0.0,405.19875563878156,347.9720402774003,True,65.4000015258789,314.6700134277344,Strong Uptrend,Insufficient Data,Breakout - Volume Confirmation Required,MBECL,MBECL.NS,Mcnally Bharat Engineering Company Limited,,Unavailable,0,60,,63.0,52W High Watch,-3,60.0,-0.059358418572146396,Strong price trend | Breakout requires volume confirmation | Price is above 200 DMA | Price is near 52-week high,493,444
179.00999450683594,187.5,175.10000610351562,186.67999267578125,631557.0,179.6999969482422,3.884249218740643,171.95149917602538,182.93719970703125,197.1172004699707,219.66330032348634,174.30087829186647,174.4311898273382,182.52581976993295,62.83612728468548,7.365001133510044,3.945254672417574,328364.2,1.92334304409555,363.45001220703125,159.9499969482422,-48.63668003691161,16.71146998282754,-15.015392921408512,False,159.9499969482422,181.69000244140625,Downtrend,Positive,Confirmed Breakout,CRIZAC,CRIZAC.NS,Crizac Limited,,Unavailable,0,60,,67.0,Strong Breakout Watch,-8,59.0,-0.18668129562153174,Price trend is weak | Positive momentum | Confirmed price breakout | Strong volume confirmation | RSI supports positive momentum | Price is below 200 DMA,304,464
0.699999988079071,0.699999988079071,0.6399999856948853,0.6600000262260437,348843.0,0.6700000166893005,-1.492535852860155,0.5064999997615814,0.4605999994277954,0.49339999675750734,0.4684999969601631,0.5928269234947711,0.5338381517830524,0.48783172648210793,95.83333747254461,0.029285714030265808,4.437229222205475,77324.65,4.511407423117984,0.7699999809265137,0.3700000047683716,-14.285708756526322,78.37838316764854,40.87513991641797,True,0.4000000059604645,0.6700000166893005,Sideways,Strong Positive,Near Breakout,SETUINFRA,SETUINFRA.NS,Setubandhan Infrastructure Limited,,Unavailable,0,60,,67.0,Pre-Breakout Watch,-8,59.0,0.038461498783893405,Strong positive momentum | Price is close to resistance | Volume is more than 2x average | RSI indicates overbought conditions | Price is above 200 DMA,304,464
21.0,21.0,21.0,21.0,52.0,20.59000015258789,1.9912571363462472,17.653500080108643,14.715800075531005,14.132900133132935,13.8414501619339,19.63399639606995,17.918305307994217,15.743361022086082,,0.3471429007393973,1.6530614320923682,178.5,0.2913165266106443,21.0,8.600000381469727,0.0,144.18603568028138,51.71820693870073,True,12.670000076293945,20.59000015258789,Strong Uptrend,Insufficient Data,Breakout - Volume Confirmation Required,DSKULKARNI,DSKULKARNI.NS,DS Kulkarni Developers Limited,,Unavailable,0,60,,60.0,52W High Watch,-3,57.0,-0.049219670008075894,Strong price trend | Breakout requires volume confirmation | Price is above 200 DMA | Price is near 52-week high,565,549
20.950000762939453,20.950000762939453,20.950000762939453,20.950000762939453,2228.0,19.959999084472656,4.959928476334152,15.777999973297119,14.860399932861329,13.9696999168396,12.776399912834167,17.53700992106702,16.2721167860944,15.134070452012745,,0.42500005449567524,2.028639804383684,3612.6,0.6167303327243536,20.950000762939453,9.729999542236328,0.0,115.31348148577958,63.974209525914496,True,15.0,19.959999084472656,Strong Uptrend,Insufficient Data,Breakout - Volume Confirmation Required,GFSTEELS,GFSTEELS.NS,Grand Foundry Limited,,Unavailable,0,60,,60.0,52W High Watch,-3,57.0,-0.16638681538213965,Strong price trend | Breakout requires volume confirmation | Price is above 200 DMA | Price is near 52-week high,565,549
1500.0,1556.800048828125,1470.0,1544.699951171875,115745.0,1501.5999755859375,2.870270130972763,1508.8349914550781,1549.2239916992187,1544.3469946289063,1741.7449987792968,1522.9168150729067,1519.4052202827406,1536.585927415495,60.24814126491141,40.800013950892854,2.6412905574276886,29181.9,3.966328443315891,2507.10009765625,1363.0999755859375,-38.38698532157013,13.322571993141995,-11.313082440054139,False,1469.300048828125,1550.0999755859375,Downtrend,Strong Positive,Near Breakout,SAFARI,SAFARI.NS,Safari Industries (India) Limited,,Unavailable,0,60,,64.0,Pre-Breakout Watch,-8,56.0,0.07161845368769387,Price trend is weak | Strong positive momentum | Price is close to resistance | Volume is more than 2x average | RSI supports positive momentum | Price is below 200 DMA,445,582
72.52999877929688,72.52999877929688,72.52999877929688,72.52999877929688,27101.0,71.11000061035156,1.9969036095586867,60.50049991607666,60.96119995117188,63.92389995574951,81.5889002418518,65.81538711806125,62.60199845712368,61.98385290353446,89.16875930492957,2.3092858450753346,3.1839044311889637,12625.8,2.1464778469483123,,,,,-11.103105245568782,False,55.209999084472656,71.11000061035156,Downtrend,Strong Positive,Confirmed Breakout,SYSTMTXC,SYSTMTXC.NS,Systematix Corporate Services Limited,,Unavailable,0,60,,63.0,Strong Breakout Watch,-8,55.0,-0.08198603891255578,Price trend is weak | Strong positive momentum | Confirmed price breakout | Volume is more than 2x average | RSI indicates overbought conditions | Price is below 200 DMA,493,607
12.199999809265137,12.680000305175781,12.199999809265137,12.680000305175781,23451.0,12.4399995803833,1.9292663415434452,12.36299991607666,12.55099998474121,13.344900016784669,14.184349980354309,12.395593977146628,12.393216864175256,12.60384115036261,55.203631039379836,0.3964284488133022,3.1264072497812654,7426.0,3.157958524104498,23.989999771118164,8.539999961853027,-47.14464182512674,48.47775599315632,-10.605700488651864,False,11.899999618530273,12.90999984741211,Downtrend,Positive,Near Breakout,SEYAIND,SEYAIND.NS,Seya Industries Limited,,Unavailable,0,60,,61.0,Pre-Breakout Watch,-8,53.0,0.29487094841604616,Price trend is weak | Positive momentum | Price is close to resistance | Volume is more than 2x average | RSI supports positive momentum | Price is below 200 DMA,550,651
278.0,289.70001220703125,278.0,284.70001220703125,378859.0,279.8999938964844,1.7149047571333842,269.0949996948242,285.9230010986328,293.864500579834,329.9070004272461,273.6038177779918,272.4488310848472,281.70470672715686,75.17958610073967,11.096430097307477,3.8975868006771477,171101.85,2.2142308806129214,539.9000244140625,235.0,-47.268012718464355,21.14894136469415,-13.702949061908212,False,251.0,289.8999938964844,Downtrend,Strong Positive,Near Breakout,CEWATER,CEWATER.NS,Concord Enviro Systems Limited,,Unavailable,0,60,,59.0,Pre-Breakout Watch,-8,51.0,0.1543020713911845,Price trend is weak | Strong positive momentum | Price is close to resistance | Volume is more than 2x average | RSI indicates overbought conditions | Price is below 200 DMA,603,695
84.94999694824219,89.4000015258789,84.62999725341797,87.51000213623047,446170.0,84.41999816894531,3.6602748570324417,85.40249977111816,89.03399993896484,94.60599998474122,102.10074989318848,84.81563682804727,85.58368560192547,88.80175097442873,54.251576946688076,2.531427655901228,2.8927295098912795,83807.0,5.323779636545873,147.2899932861328,77.0199966430664,-40.586593709574544,13.619846728607211,-14.290539268538138,False,81.76000213623047,89.19999694824219,Downtrend,Positive,Near Breakout,WCIL,WCIL.NS,Western Carriers (India) Limited,,Unavailable,0,60,,58.0,Pre-Breakout Watch,-8,50.0,0.2939121412194293,Price trend is weak | Positive momentum | Price is close to resistance | Volume is more than 2x average | RSI supports positive momentum | Price is below 200 DMA,617,711
80.29000091552734,80.29000091552734,75.26000213623047,78.94000244140625,1713.0,76.80999755859375,2.7730828674843444,77.27399978637695,80.06259963989258,83.33390014648438,89.57155019760131,77.2944633910054,77.6806788994939,79.59089209454487,57.169645311873786,3.587855747767857,4.545041343811672,1330.2,1.2877762742444745,140.85000610351562,53.86000061035156,-43.95456228564842,46.565171828524754,-11.869335444949986,False,73.0,80.0,Downtrend,Positive,Near Breakout,TOKYOPLAST,TOKYOPLAST.NS,Tokyo Plast International Limited,,Unavailable,0,60,,56.0,Pre-Breakout Watch,-8,48.0,0.1784506940947997,Price trend is weak | Positive momentum | Price is close to resistance | Volume is above average | RSI supports positive momentum | Price is below 200 DMA,658,759
1.7200000286102295,1.7200000286102295,1.7200000286102295,1.7200000286102295,181521.0,1.690000057220459,1.7751461759777376,1.4990000009536744,1.800199999809265,3.233600001335144,6.137400016784668,1.6077316706343208,1.5904265280862169,2.0234424824047177,94.59459981925295,0.027857141835348948,1.619601242556821,1566130.1,0.11590416402826303,18.75,1.350000023841858,-90.82666651407878,27.407407276587886,-71.97510307448849,False,1.350000023841858,1.690000057220459,Downtrend,Strong Positive,Breakout - Volume Confirmation Required,PARSVNATH,PARSVNATH.NS,Parsvnath Developers Limited,,Unavailable,0,60,,47.0,Breakout Confirmation Required,-8,39.0,-0.08108100271120583,Price trend is weak | Strong positive momentum | Breakout requires volume confirmation | RSI indicates overbought conditions | Price is below 200 DMA,871,1063
