Yahoo_Symbol,Reason
3BBLACKBIO.NS,insufficient or invalid OHLCV
AARNAV.NS,insufficient or invalid OHLCV
AASTHA.NS,insufficient or invalid OHLCV
ABANSENT.NS,insufficient or invalid OHLCV
ABMKNO.NS,insufficient or invalid OHLCV
ACGL.NS,insufficient or invalid OHLCV
ACSTECH.NS,insufficient or invalid OHLCV
ADDIND.NS,insufficient or invalid OHLCV
ADVAIT.NS,insufficient or invalid OHLCV
ADVENTHTL.NS,insufficient or invalid OHLCV
ADVIKCA.NS,insufficient or invalid OHLCV
AEPL.NS,insufficient or invalid OHLCV
AEQUS.NS,insufficient or invalid OHLCV
AEROPLANE.NS,insufficient or invalid OHLCV
AGL.NS,insufficient or invalid OHLCV
AKCAPIT.NS,insufficient or invalid OHLCV
ALFREDHE.NS,insufficient or invalid OHLCV
ALGOQUANT.NS,insufficient or invalid OHLCV
ALPINETEX.NS,insufficient or invalid OHLCV
ALUFLUOR.NS,insufficient or invalid OHLCV
AMAGI.NS,insufficient or invalid OHLCV
AMAL.NS,insufficient or invalid OHLCV
AMARJOTHI.NS,insufficient or invalid OHLCV
AMBALALSA.NS,insufficient or invalid OHLCV
ANDREWYU.NS,insufficient or invalid OHLCV
ANNU.NS,insufficient or invalid OHLCV
ANSALBU.NS,insufficient or invalid OHLCV
APOORVA.NS,insufficient or invalid OHLCV
ARCIL.NS,insufficient or invalid OHLCV
ARCL.NS,insufficient or invalid OHLCV
ARDEE.NS,insufficient or invalid OHLCV
ARIHANT.NS,insufficient or invalid OHLCV
ARYAMAN.NS,insufficient or invalid OHLCV
ASHIKAG.NS,insufficient or invalid OHLCV
ASIANTNE.NS,insufficient or invalid OHLCV
ASSAMENT.NS,insufficient or invalid OHLCV
ASTAR.NS,insufficient or invalid OHLCV
AUGMONT.NS,insufficient or invalid OHLCV
AUSTENG.NS,insufficient or invalid OHLCV
AVANCE.NS,insufficient or invalid OHLCV
AXTEL.NS,insufficient or invalid OHLCV
AYE.NS,insufficient or invalid OHLCV
AZADIND.NS,insufficient or invalid OHLCV
BAJAJST.NS,insufficient or invalid OHLCV
BATLIBOI.NS,insufficient or invalid OHLCV
BCPL.NS,insufficient or invalid OHLCV
BEEKAY.NS,insufficient or invalid OHLCV
BENARAS.NS,insufficient or invalid OHLCV
BENGALASM.NS,insufficient or invalid OHLCV
BHARATCOAL.NS,insufficient or invalid OHLCV
BI.NS,insufficient or invalid OHLCV
BIMETAL.NS,insufficient or invalid OHLCV
BIRLAPREC.NS,insufficient or invalid OHLCV
BLACKROSE.NS,insufficient or invalid OHLCV
BLEL.NS,insufficient or invalid OHLCV
BLIL.NS,insufficient or invalid OHLCV
BLUECLOUDS.NS,insufficient or invalid OHLCV
BNAGROCHEM.NS,insufficient or invalid OHLCV
BNALTD.NS,insufficient or invalid OHLCV
BONLON.NS,insufficient or invalid OHLCV
BPLPHARMA.NS,insufficient or invalid OHLCV
BRAHMINFRA.NS,insufficient or invalid OHLCV
BRIGHTBR.NS,insufficient or invalid OHLCV
BTTL.NS,insufficient or invalid OHLCV
BUILDPRO.NS,insufficient or invalid OHLCV
CAPILLARY.NS,insufficient or invalid OHLCV
CEINSYS.NS,insufficient or invalid OHLCV
CENTEXT-RE.NS,insufficient or invalid OHLCV
CFEL.NS,insufficient or invalid OHLCV
CGVAK.NS,insufficient or invalid OHLCV
CHEMCRUX.NS,insufficient or invalid OHLCV
CLEANMAX.NS,insufficient or invalid OHLCV
CMLL.NS,insufficient or invalid OHLCV
CMPDI.NS,insufficient or invalid OHLCV
CMRGREEN.NS,insufficient or invalid OHLCV
COCKERILL.NS,insufficient or invalid OHLCV
COMFINTE.NS,insufficient or invalid OHLCV
COMPEAU.NS,insufficient or invalid OHLCV
CORDELIA.NS,insufficient or invalid OHLCV
CORONA.NS,insufficient or invalid OHLCV
CPL.NS,insufficient or invalid OHLCV
CRAVATEX.NS,insufficient or invalid OHLCV
CRSL.NS,insufficient or invalid OHLCV
CSM.NS,insufficient or invalid OHLCV
DAICHI.NS,insufficient or invalid OHLCV
DCMSIL.NS,insufficient or invalid OHLCV
DECNGOLD.NS,insufficient or invalid OHLCV
DEEP.NS,insufficient or invalid OHLCV
DEEPA.NS,insufficient or invalid OHLCV
DHABRIYA.NS,insufficient or invalid OHLCV
DHATRE.NS,insufficient or invalid OHLCV
DHOOTTRANS.NS,insufficient or invalid OHLCV
DISAQ.NS,insufficient or invalid OHLCV
DRAGARWQ.NS,insufficient or invalid OHLCV
DSFCL.NS,insufficient or invalid OHLCV
EASTWEST.NS,insufficient or invalid OHLCV
EBIX.NS,insufficient or invalid OHLCV
ECORECO.NS,insufficient or invalid OHLCV
EKI.NS,insufficient or invalid OHLCV
ELANTAS.NS,insufficient or invalid OHLCV
ELCIDIN.NS,insufficient or invalid OHLCV
ELITECON.NS,insufficient or invalid OHLCV
ELPROINTL.NS,insufficient or invalid OHLCV
EMMVEE.NS,insufficient or invalid OHLCV
EMPIND.NS,insufficient or invalid OHLCV
EMPOWER.NS,insufficient or invalid OHLCV
ENKEIWHEL.NS,insufficient or invalid OHLCV
ESDS.NS,insufficient or invalid OHLCV
EXCELSOFT.NS,insufficient or invalid OHLCV
FEDDERSHOL.NS,insufficient or invalid OHLCV
FERMENTA.NS,insufficient or invalid OHLCV
FRACTAL.NS,insufficient or invalid OHLCV
FREDUN.NS,insufficient or invalid OHLCV
FRONTSP.NS,insufficient or invalid OHLCV
GAJA.NS,insufficient or invalid OHLCV
GAUDIUMIVF.NS,insufficient or invalid OHLCV
GKB.NS,insufficient or invalid OHLCV
GKSL.NS,insufficient or invalid OHLCV
GLASSWALL.NS,insufficient or invalid OHLCV
GNRL.NS,insufficient or invalid OHLCV
GOODYEAR.NS,insufficient or invalid OHLCV
GRADIENTE.NS,insufficient or invalid OHLCV
GRANDOAK.NS,insufficient or invalid OHLCV
GRAUWEIL.NS,insufficient or invalid OHLCV
GRAVISSHO.NS,insufficient or invalid OHLCV
GSPCROP.NS,insufficient or invalid OHLCV
GYFTR.NS,insufficient or invalid OHLCV
HALDER.NS,insufficient or invalid OHLCV
HALDYNGL.NS,insufficient or invalid OHLCV
HAMPTON.NS,insufficient or invalid OHLCV
HAWKINCOOK.NS,insufficient or invalid OHLCV
HAZOOR.NS,insufficient or invalid OHLCV
HBESD.NS,insufficient or invalid OHLCV
HBPOR.NS,insufficient or invalid OHLCV
HEGAM.NS,insufficient or invalid OHLCV
HEROMOTORS.NS,insufficient or invalid OHLCV
HEXAGON.NS,insufficient or invalid OHLCV
HINDADH.NS,insufficient or invalid OHLCV
HINDALUMI.NS,insufficient or invalid OHLCV
HORIZONIND.NS,insufficient or invalid OHLCV
HRYNSHP.NS,insufficient or invalid OHLCV
HTEL.NS,insufficient or invalid OHLCV
ICICIAMC.NS,insufficient or invalid OHLCV
INA.NS,insufficient or invalid OHLCV
INDOKEM.NS,insufficient or invalid OHLCV
INDOMIM.NS,insufficient or invalid OHLCV
INDPRUD.NS,insufficient or invalid OHLCV
INNOVISION.NS,insufficient or invalid OHLCV
INVPRECQ.NS,insufficient or invalid OHLCV
IPRINGLTD.NS,insufficient or invalid OHLCV
ISTLTD.NS,insufficient or invalid OHLCV
ITL.NS,insufficient or invalid OHLCV
IWP.NS,insufficient or invalid OHLCV
JAYKAY.NS,insufficient or invalid OHLCV
JENBURPH.NS,insufficient or invalid OHLCV
JNPR.NS,insufficient or invalid OHLCV
JSIPL.NS,insufficient or invalid OHLCV
JYOTIRES.NS,insufficient or invalid OHLCV
KAMAHOLD.NS,insufficient or invalid OHLCV
KAMANWALA.NS,insufficient or invalid OHLCV
KANCHI.NS,insufficient or invalid OHLCV
KANCOTEA.NS,insufficient or invalid OHLCV
KANOHAR.NS,insufficient or invalid OHLCV
KARAMTARA.NS,insufficient or invalid OHLCV
KDGREEN.NS,insufficient or invalid OHLCV
KENNAMET.NS,insufficient or invalid OHLCV
KIRANVYPAR.NS,insufficient or invalid OHLCV
KIRLFER.NS,insufficient or invalid OHLCV
KISSHT.NS,insufficient or invalid OHLCV
KJMCFIN.NS,insufficient or invalid OHLCV
KLBRENG-B.NS,insufficient or invalid OHLCV
KMCSHIL.NS,insufficient or invalid OHLCV
KNACK.NS,insufficient or invalid OHLCV
KOTIC.NS,insufficient or invalid OHLCV
KOVAI.NS,insufficient or invalid OHLCV
KPL.NS,insufficient or invalid OHLCV
KSE.NS,insufficient or invalid OHLCV
KSHINTL.NS,insufficient or invalid OHLCV
KSR.NS,insufficient or invalid OHLCV
KUSUMGAR.NS,insufficient or invalid OHLCV
KWIL.NS,insufficient or invalid OHLCV
LADDERUP.NS,insufficient or invalid OHLCV
LAHOTIOV.NS,insufficient or invalid OHLCV
LAKSHMIMIL.NS,insufficient or invalid OHLCV
LALITHAA.NS,insufficient or invalid OHLCV
LANCER.NS,insufficient or invalid OHLCV
LASERPOWER.NS,insufficient or invalid OHLCV
LCCPROJECT.NS,insufficient or invalid OHLCV
LCL.NS,insufficient or invalid OHLCV
LEAPIND.NS,insufficient or invalid OHLCV
LEENEE.NS,insufficient or invalid OHLCV
LKPSEC.NS,insufficient or invalid OHLCV
LOTUSCHO.NS,insufficient or invalid OHLCV
LUMINO.NS,insufficient or invalid OHLCV
MADHAVIPL.NS,insufficient or invalid OHLCV
MAFATIND.NS,insufficient or invalid OHLCV
MAJESAUT.NS,insufficient or invalid OHLCV
MAKERSL.NS,insufficient or invalid OHLCV
MANIKA.NS,insufficient or invalid OHLCV
MANIPALHOS.NS,insufficient or invalid OHLCV
MARSONS.NS,insufficient or invalid OHLCV
MCCHRLS-B.NS,insufficient or invalid OHLCV
MEDICAPQ.NS,insufficient or invalid OHLCV
MEESHO.NS,insufficient or invalid OHLCV
MENNPIS.NS,insufficient or invalid OHLCV
MERCANTILE.NS,insufficient or invalid OHLCV
MERCURYEV.NS,insufficient or invalid OHLCV
METROGLOBL.NS,insufficient or invalid OHLCV
MIIL.NS,insufficient or invalid OHLCV
MILKYMIST.NS,insufficient or invalid OHLCV
MINALIND.NS,insufficient or invalid OHLCV
MKEXIM.NS,insufficient or invalid OHLCV
MLKFOOD.NS,insufficient or invalid OHLCV
MMWL.NS,insufficient or invalid OHLCV
MODINATUR.NS,insufficient or invalid OHLCV
MODIS.NS,insufficient or invalid OHLCV
MOHITE.NS,insufficient or invalid OHLCV
MOLBIO.NS,insufficient or invalid OHLCV
MOMSBELIEF.NS,insufficient or invalid OHLCV
MPDL.NS,insufficient or invalid OHLCV
MPIMANIPAL.NS,insufficient or invalid OHLCV
MSL.NS,insufficient or invalid OHLCV
MUKESHB.NS,insufficient or invalid OHLCV
MVELECTRO.NS,insufficient or invalid OHLCV
MYSORPETRO.NS,insufficient or invalid OHLCV
NATIONSTD.NS,insufficient or invalid OHLCV
NEAGI.NS,insufficient or invalid OHLCV
NEPHROPLUS.NS,insufficient or invalid OHLCV
NICCOPAR.NS,insufficient or invalid OHLCV
NILE.NS,insufficient or invalid OHLCV
NIMBSPROJ.NS,insufficient or invalid OHLCV
NIRLON.NS,insufficient or invalid OHLCV
NITTAGELA.NS,insufficient or invalid OHLCV
NOVARTIND.NS,insufficient or invalid OHLCV
NTCIND.NS,insufficient or invalid OHLCV
ODYCORP.NS,insufficient or invalid OHLCV
OMNI.NS,insufficient or invalid OHLCV
OMPOWER.NS,insufficient or invalid OHLCV
ONEGLOBAL.NS,insufficient or invalid OHLCV
ONIXSOLAR.NS,insufficient or invalid OHLCV
OPTIFIN.NS,insufficient or invalid OHLCV
ORIRAIL.NS,insufficient or invalid OHLCV
PACIFICI.NS,insufficient or invalid OHLCV
PANCHMAHQ.NS,insufficient or invalid OHLCV
PANORAMA.NS,insufficient or invalid OHLCV
PARKHOSPS.NS,insufficient or invalid OHLCV
PARNAXLAB.NS,insufficient or invalid OHLCV
PAUSHAKLTD.NS,insufficient or invalid OHLCV
PBMPOLY.NS,insufficient or invalid OHLCV
PERMAGN.NS,insufficient or invalid OHLCV
PERNIASPOP.NS,insufficient or invalid OHLCV
PHOENXINTL.NS,insufficient or invalid OHLCV
PINELABS.NS,insufficient or invalid OHLCV
PIONRINV.NS,insufficient or invalid OHLCV
PML.NS,insufficient or invalid OHLCV
PNGSREVA.NS,insufficient or invalid OHLCV
POEL.NS,insufficient or invalid OHLCV
POLYSPIN.NS,insufficient or invalid OHLCV
POWERICA.NS,insufficient or invalid OHLCV
PRADPME.NS,insufficient or invalid OHLCV
PRANAV.NS,insufficient or invalid OHLCV
PRASOLCHEM.NS,insufficient or invalid OHLCV
PRAVEG.NS,insufficient or invalid OHLCV
PREMCO.NS,insufficient or invalid OHLCV
PRIORITY.NS,insufficient or invalid OHLCV
PRISMX.NS,insufficient or invalid OHLCV
PWL.NS,insufficient or invalid OHLCV
QUINT.NS,insufficient or invalid OHLCV
RAJPALAYAM.NS,insufficient or invalid OHLCV
RAMBHAJO.NS,insufficient or invalid OHLCV
RENTOMOJO.NS,insufficient or invalid OHLCV
RIR.NS,insufficient or invalid OHLCV
RMC.NS,insufficient or invalid OHLCV
RRECL.NS,insufficient or invalid OHLCV
RRIL.NS,insufficient or invalid OHLCV
RSDFIN.NS,insufficient or invalid OHLCV
RSL.NS,insufficient or invalid OHLCV
RTSPOWR.NS,insufficient or invalid OHLCV
RUDRA.NS,insufficient or invalid OHLCV
SAB.NS,insufficient or invalid OHLCV
SAHLIBHFI.NS,insufficient or invalid OHLCV
SAICAPI.NS,insufficient or invalid OHLCV
SAIPARENT.NS,insufficient or invalid OHLCV
SAMBANDAM.NS,insufficient or invalid OHLCV
SAPPL.NS,insufficient or invalid OHLCV
SAYAJIHOTL.NS,insufficient or invalid OHLCV
SAYAJIIND.NS,insufficient or invalid OHLCV
SBIFUNDS.NS,insufficient or invalid OHLCV
SCANSTL.NS,insufficient or invalid OHLCV
SEDEMAC.NS,insufficient or invalid OHLCV
SEIL.NS,insufficient or invalid OHLCV
SEKURITIND.NS,insufficient or invalid OHLCV
SGLRES.NS,insufficient or invalid OHLCV
SGRL.NS,insufficient or invalid OHLCV
SHADOWFAX.NS,insufficient or invalid OHLCV
SHANKESH.NS,insufficient or invalid OHLCV
SHARDUL.NS,insufficient or invalid OHLCV
SHBAJRG.NS,insufficient or invalid OHLCV
SHERVANI.NS,insufficient or invalid OHLCV
SHILCTECH.NS,insufficient or invalid OHLCV
SHILGRAVQ.NS,insufficient or invalid OHLCV
SHINDL.NS,insufficient or invalid OHLCV
SHIPROCKET.NS,insufficient or invalid OHLCV
SHIVAAGRO.NS,insufficient or invalid OHLCV
SHIVACEM.NS,insufficient or invalid OHLCV
SHRADDHA.NS,insufficient or invalid OHLCV
SHRIKRISH.NS,insufficient or invalid OHLCV
SHRJAGP.NS,insufficient or invalid OHLCV
SHUKRAPHAR.NS,insufficient or invalid OHLCV
SICAGEN.NS,insufficient or invalid OHLCV
SIEL.NS,insufficient or invalid OHLCV
SIKA.NS,insufficient or invalid OHLCV
SIMPLXREA.NS,insufficient or invalid OHLCV
SINGERIND.NS,insufficient or invalid OHLCV
SKFINDUS.NS,insufficient or invalid OHLCV
SKYWAYS.NS,insufficient or invalid OHLCV
SONA.NS,insufficient or invalid OHLCV
SONAL.NS,insufficient or invalid OHLCV
SRIKPRIND.NS,insufficient or invalid OHLCV
SRTL.NS,insufficient or invalid OHLCV
SSRETAIL.NS,insufficient or invalid OHLCV
STEAMHOUSE.NS,insufficient or invalid OHLCV
STLSTRINF.NS,insufficient or invalid OHLCV
SUDEEPPHRM.NS,insufficient or invalid OHLCV
SUMEDHA.NS,insufficient or invalid OHLCV
SUNLOC.NS,insufficient or invalid OHLCV
SUNRAKSHAK.NS,insufficient or invalid OHLCV
SUNSHIEL.NS,insufficient or invalid OHLCV
SUNSHINE.NS,insufficient or invalid OHLCV
SUPTANERY.NS,insufficient or invalid OHLCV
SURYALA.NS,insufficient or invalid OHLCV
SVGLOBAL.NS,insufficient or invalid OHLCV
SWARNSAR.NS,insufficient or invalid OHLCV
SWISSMLTRY.NS,insufficient or invalid OHLCV
SYMBIOTEC.NS,insufficient or invalid OHLCV
TAALTECH.NS,insufficient or invalid OHLCV
TAMBOLIIN.NS,insufficient or invalid OHLCV
TANAA.NS,insufficient or invalid OHLCV
TCC.NS,insufficient or invalid OHLCV
TECHNOCRAF.NS,insufficient or invalid OHLCV
TECHNVISN.NS,insufficient or invalid OHLCV
TEMPSENS.NS,insufficient or invalid OHLCV
TENNIND.NS,insufficient or invalid OHLCV
TERAI.NS,insufficient or invalid OHLCV
TGVSL.NS,insufficient or invalid OHLCV
THACKER.NS,insufficient or invalid OHLCV
THAKDEV.NS,insufficient or invalid OHLCV
TIMEX.NS,insufficient or invalid OHLCV
TOYAMSL.NS,insufficient or invalid OHLCV
TRANSCOR.NS,insufficient or invalid OHLCV
TRANSPEK.NS,insufficient or invalid OHLCV
TRITONV.NS,insufficient or invalid OHLCV
TURTLEMINT.NS,insufficient or invalid OHLCV
TUTIALKA.NS,insufficient or invalid OHLCV
UDAYJEW.NS,insufficient or invalid OHLCV
ULTRAMAR.NS,insufficient or invalid OHLCV
UPHOT.NS,insufficient or invalid OHLCV
UTLSOLAR.NS,insufficient or invalid OHLCV
VADILENT.NS,insufficient or invalid OHLCV
VAML.NS,insufficient or invalid OHLCV
VASUPRADA.NS,insufficient or invalid OHLCV
VEDAVAAG.NS,insufficient or invalid OHLCV
VEDPOWER.NS,insufficient or invalid OHLCV
VEEGALAND.NS,insufficient or invalid OHLCV
VELJAN.NS,insufficient or invalid OHLCV
VGCL.NS,insufficient or invalid OHLCV
VIDYAWIRES.NS,insufficient or invalid OHLCV
VIJSOLX.NS,insufficient or invalid OHLCV
VIRAT.NS,insufficient or invalid OHLCV
VIRTUALG.NS,insufficient or invalid OHLCV
VISHAL.NS,insufficient or invalid OHLCV
VISL.NS,insufficient or invalid OHLCV
VIVOBIOT.NS,insufficient or invalid OHLCV
VOEPL.NS,insufficient or invalid OHLCV
VOGL.NS,insufficient or invalid OHLCV
VOITHPAPR.NS,insufficient or invalid OHLCV
VTMLTD.NS,insufficient or invalid OHLCV
WAKEFIT.NS,insufficient or invalid OHLCV
WARDINMOBI.NS,insufficient or invalid OHLCV
WATERBASE.NS,insufficient or invalid OHLCV
WELSPLSOL.NS,insufficient or invalid OHLCV
WHBRADY.NS,insufficient or invalid OHLCV
WPIL.NS,insufficient or invalid OHLCV
XTRANET.NS,insufficient or invalid OHLCV
YOGI.NS,insufficient or invalid OHLCV
ZFSTEERING.NS,insufficient or invalid OHLCV
ZSARACOM.NS,insufficient or invalid OHLCV
